time,volts
00.000,-0.145
00.002,-0.085
00.004,-0.030
00.006,0.015
00.008,0.055
00.010,0.080
00.012,0.095
00.014,0.095
00.016,0.090
00.018,0.075
00.020,0.060
00.022,0.050
00.024,0.045
00.026,0.045
00.028,0.050
00.030,0.055
00.032,0.065
00.034,0.070
00.036,0.070
00.038,0.070
00.040,0.060
00.042,0.050
00.044,0.045
00.046,0.040
00.048,0.040
00.050,0.045
00.052,0.050
00.054,0.060
00.056,0.070
00.058,0.075
00.060,0.080
00.062,0.080
00.064,0.075
00.066,0.065
00.068,0.060
00.070,0.050
00.072,0.050
00.074,0.045
00.076,0.045
00.078,0.050
00.080,0.055
00.082,0.060
00.084,0.060
00.086,0.060
00.088,0.060
00.090,0.055
00.092,0.050
00.094,0.040
00.096,0.040
00.098,0.035
00.100,0.035
00.102,0.045
00.104,0.050
00.106,0.060
00.108,0.070
00.110,0.075
00.112,0.075
00.114,0.070
00.116,0.060
00.118,0.055
00.120,0.045
00.122,0.040
00.124,0.035
00.126,0.040
00.128,0.045
00.130,0.055
00.132,0.060
00.134,0.070
00.136,0.075
00.138,0.080
00.140,0.085
00.142,0.090
00.144,0.095
00.146,0.105
00.148,0.110
00.150,0.120
00.152,0.125
00.154,0.125
00.156,0.125
00.158,0.125
00.160,0.120
00.162,0.120
00.164,0.120
00.166,0.120
00.168,0.125
00.170,0.130
00.172,0.135
00.174,0.140
00.176,0.140
00.178,0.140
00.180,0.140
00.182,0.135
00.184,0.135
00.186,0.140
00.188,0.150
00.190,0.160
00.192,0.175
00.194,0.185
00.196,0.195
00.198,0.195
00.200,0.190
00.202,0.180
00.204,0.165
00.206,0.145
00.208,0.125
00.210,0.110
00.212,0.100
00.214,0.100
00.216,0.105
00.218,0.110
00.220,0.120
00.222,0.130
00.224,0.135
00.226,0.135
00.228,0.130
00.230,0.125
00.232,0.115
00.234,0.105
00.236,0.100
00.238,0.090
00.240,0.085
00.242,0.075
00.244,0.070
00.246,0.060
00.248,0.050
00.250,0.040
00.252,0.030
00.254,0.020
00.256,0.015
00.258,0.015
00.260,0.015
00.262,0.020
00.264,0.020
00.266,0.020
00.268,0.020
00.270,0.020
00.272,0.015
00.274,0.010
00.276,0.005
00.278,0.005
00.280,0.005
00.282,0.005
00.284,0.005
00.286,0.005
00.288,0.000
00.290,-0.010
00.292,-0.015
00.294,-0.025
00.296,-0.030
00.298,-0.030
00.300,-0.025
00.302,-0.020
00.304,-0.015
00.306,-0.010
00.308,-0.010
00.310,-0.020
00.312,-0.030
00.314,-0.045
00.316,-0.055
00.318,-0.060
00.320,-0.060
00.322,-0.045
00.324,-0.025
00.326,-0.005
00.328,0.015
00.330,0.025
00.332,0.025
00.334,0.020
00.336,0.000
00.338,-0.025
00.340,-0.045
00.342,-0.065
00.344,-0.070
00.346,-0.070
00.348,-0.055
00.350,-0.040
00.352,-0.025
00.354,-0.015
00.356,-0.010
00.358,-0.015
00.360,-0.030
00.362,-0.045
00.364,-0.065
00.366,-0.080
00.368,-0.090
00.370,-0.090
00.372,-0.080
00.374,-0.065
00.376,-0.050
00.378,-0.035
00.380,-0.025
00.382,-0.015
00.384,-0.015
00.386,-0.020
00.388,-0.025
00.390,-0.035
00.392,-0.040
00.394,-0.045
00.396,-0.045
00.398,-0.040
00.400,-0.035
00.402,-0.030
00.404,-0.030
00.406,-0.025
00.408,-0.025
00.410,-0.025
00.412,-0.025
00.414,-0.030
00.416,-0.030
00.418,-0.035
00.420,-0.035
00.422,-0.040
00.424,-0.040
00.426,-0.040
00.428,-0.040
00.430,-0.040
00.432,-0.040
00.434,-0.040
00.436,-0.035
00.438,-0.035
00.440,-0.040
00.442,-0.040
00.444,-0.045
00.446,-0.050
00.448,-0.055
00.450,-0.060
00.452,-0.060
00.454,-0.055
00.456,-0.045
00.458,-0.040
00.460,-0.030
00.462,-0.025
00.464,-0.025
00.466,-0.030
00.468,-0.040
00.470,-0.055
00.472,-0.075
00.474,-0.090
00.476,-0.100
00.478,-0.105
00.480,-0.100
00.482,-0.090
00.484,-0.075
00.486,-0.055
00.488,-0.040
00.490,-0.025
00.492,-0.015
00.494,-0.005
00.496,-0.005
00.498,-0.005
00.500,-0.010
00.502,-0.015
00.504,-0.025
00.506,-0.030
00.508,-0.040
00.510,-0.045
00.512,-0.055
00.514,-0.060
00.516,-0.060
00.518,-0.060
00.520,-0.060
00.522,-0.055
00.524,-0.050
00.526,-0.040
00.528,-0.035
00.530,-0.035
00.532,-0.035
00.534,-0.035
00.536,-0.035
00.538,-0.040
00.540,-0.040
00.542,-0.035
00.544,-0.030
00.546,-0.025
00.548,-0.020
00.550,-0.020
00.552,-0.015
00.554,-0.020
00.556,-0.030
00.558,-0.040
00.560,-0.055
00.562,-0.070
00.564,-0.080
00.566,-0.090
00.568,-0.090
00.570,-0.090
00.572,-0.080
00.574,-0.075
00.576,-0.065
00.578,-0.060
00.580,-0.055
00.582,-0.055
00.584,-0.055
00.586,-0.060
00.588,-0.065
00.590,-0.065
00.592,-0.065
00.594,-0.065
00.596,-0.060
00.598,-0.055
00.600,-0.045
00.602,-0.040
00.604,-0.040
00.606,-0.045
00.608,-0.050
00.610,-0.060
00.612,-0.065
00.614,-0.075
00.616,-0.075
00.618,-0.070
00.620,-0.065
00.622,-0.055
00.624,-0.045
00.626,-0.040
00.628,-0.035
00.630,-0.040
00.632,-0.045
00.634,-0.055
00.636,-0.065
00.638,-0.070
00.640,-0.075
00.642,-0.070
00.644,-0.065
00.646,-0.060
00.648,-0.055
00.650,-0.050
00.652,-0.050
00.654,-0.055
00.656,-0.065
00.658,-0.075
00.660,-0.085
00.662,-0.095
00.664,-0.095
00.666,-0.095
00.668,-0.090
00.670,-0.080
00.672,-0.065
00.674,-0.055
00.676,-0.050
00.678,-0.045
00.680,-0.045
00.682,-0.050
00.684,-0.055
00.686,-0.065
00.688,-0.070
00.690,-0.075
00.692,-0.075
00.694,-0.070
00.696,-0.065
00.698,-0.055
00.700,-0.050
00.702,-0.045
00.704,-0.045
00.706,-0.050
00.708,-0.060
00.710,-0.075
00.712,-0.085
00.714,-0.100
00.716,-0.110
00.718,-0.110
00.720,-0.110
00.722,-0.105
00.724,-0.095
00.726,-0.085
00.728,-0.075
00.730,-0.065
00.732,-0.060
00.734,-0.055
00.736,-0.050
00.738,-0.050
00.740,-0.050
00.742,-0.045
00.744,-0.040
00.746,-0.035
00.748,-0.030
00.750,-0.025
00.752,-0.020
00.754,-0.020
00.756,-0.020
00.758,-0.025
00.760,-0.025
00.762,-0.030
00.764,-0.035
00.766,-0.040
00.768,-0.040
00.770,-0.045
00.772,-0.045
00.774,-0.045
00.776,-0.045
00.778,-0.050
00.780,-0.050
00.782,-0.050
00.784,-0.050
00.786,-0.050
00.788,-0.055
00.790,-0.055
00.792,-0.055
00.794,-0.055
00.796,-0.055
00.798,-0.060
00.800,-0.060
00.802,-0.060
00.804,-0.060
00.806,-0.060
00.808,-0.060
00.810,-0.055
00.812,-0.050
00.814,-0.045
00.816,-0.040
00.818,-0.040
00.820,-0.040
00.822,-0.040
00.824,-0.045
00.826,-0.045
00.828,-0.050
00.830,-0.045
00.832,-0.045
00.834,-0.035
00.836,-0.025
00.838,-0.020
00.840,-0.010
00.842,-0.005
00.844,-0.005
00.846,-0.005
00.848,-0.005
00.850,-0.010
00.852,-0.015
00.854,-0.010
00.856,-0.005
00.858,0.005
00.860,0.015
00.862,0.025
00.864,0.035
00.866,0.040
00.868,0.040
00.870,0.035
00.872,0.030
00.874,0.020
00.876,0.015
00.878,0.005
00.880,0.000
00.882,0.000
00.884,-0.005
00.886,-0.005
00.888,-0.010
00.890,-0.015
00.892,-0.025
00.894,-0.035
00.896,-0.045
00.898,-0.050
00.900,-0.055
00.902,-0.055
00.904,-0.050
00.906,-0.050
00.908,-0.045
00.910,-0.045
00.912,-0.040
00.914,-0.045
00.916,-0.045
00.918,-0.050
00.920,-0.050
00.922,-0.050
00.924,-0.055
00.926,-0.055
00.928,-0.055
00.930,-0.055
00.932,-0.055
00.934,-0.060
00.936,-0.060
00.938,-0.060
00.940,-0.055
00.942,-0.050
00.944,-0.050
00.946,-0.045
00.948,-0.045
00.950,-0.045
00.952,-0.050
00.954,-0.060
00.956,-0.070
00.958,-0.080
00.960,-0.080
00.962,-0.080
00.964,-0.070
00.966,-0.055
00.968,-0.040
00.970,-0.020
00.972,-0.005
00.974,0.005
00.976,0.005
00.978,0.000
00.980,-0.010
00.982,-0.020
00.984,-0.025
00.986,-0.025
00.988,-0.015
00.990,0.005
00.992,0.030
00.994,0.050
00.996,0.065
00.998,0.070
01.000,0.065
01.002,0.040
01.004,0.010
01.006,-0.030
01.008,-0.070
01.010,-0.105
01.012,-0.125
01.014,-0.135
01.016,-0.135
01.018,-0.120
01.020,-0.095
01.022,-0.070
01.024,-0.050
01.026,-0.035
01.028,-0.025
01.030,-0.025
01.032,-0.030
01.034,-0.040
01.036,-0.045
01.038,-0.050
01.040,-0.055
01.042,-0.055
01.044,-0.055
01.046,-0.050
01.048,-0.050
01.050,-0.045
01.052,-0.045
01.054,-0.040
01.056,-0.040
01.058,-0.040
01.060,-0.035
01.062,-0.025
01.064,-0.020
01.066,-0.010
01.068,0.000
01.070,0.005
01.072,0.010
01.074,0.010
01.076,0.010
01.078,0.000
01.080,-0.005
01.082,-0.020
01.084,-0.025
01.086,-0.035
01.088,-0.035
01.090,-0.035
01.092,-0.035
01.094,-0.025
01.096,-0.015
01.098,-0.005
01.100,0.005
01.102,0.020
01.104,0.030
01.106,0.035
01.108,0.040
01.110,0.040
01.112,0.035
01.114,0.030
01.116,0.015
01.118,0.005
01.120,-0.010
01.122,-0.020
01.124,-0.020
01.126,-0.020
01.128,-0.015
01.130,0.000
01.132,0.015
01.134,0.030
01.136,0.045
01.138,0.055
01.140,0.060
01.142,0.060
01.144,0.060
01.146,0.055
01.148,0.045
01.150,0.040
01.152,0.040
01.154,0.035
01.156,0.035
01.158,0.040
01.160,0.045
01.162,0.050
01.164,0.055
01.166,0.065
01.168,0.075
01.170,0.085
01.172,0.095
01.174,0.105
01.176,0.110
01.178,0.110
01.180,0.110
01.182,0.110
01.184,0.105
01.186,0.105
01.188,0.105
01.190,0.105
01.192,0.105
01.194,0.110
01.196,0.110
01.198,0.115
01.200,0.115
01.202,0.120
01.204,0.130
01.206,0.140
01.208,0.155
01.210,0.170
01.212,0.180
01.214,0.195
01.216,0.200
01.218,0.200
01.220,0.190
01.222,0.175
01.224,0.160
01.226,0.145
01.228,0.135
01.230,0.130
01.232,0.135
01.234,0.145
01.236,0.160
01.238,0.170
01.240,0.180
01.242,0.185
01.244,0.175
01.246,0.160
01.248,0.135
01.250,0.110
01.252,0.085
01.254,0.065
01.256,0.055
01.258,0.045
01.260,0.045
01.262,0.045
01.264,0.050
01.266,0.050
01.268,0.050
01.270,0.050
01.272,0.045
01.274,0.040
01.276,0.035
01.278,0.030
01.280,0.030
01.282,0.025
01.284,0.020
01.286,0.020
01.288,0.015
01.290,0.010
01.292,0.005
01.294,-0.005
01.296,-0.010
01.298,-0.015
01.300,-0.020
01.302,-0.025
01.304,-0.030
01.306,-0.035
01.308,-0.040
01.310,-0.040
01.312,-0.045
01.314,-0.050
01.316,-0.050
01.318,-0.050
01.320,-0.045
01.322,-0.040
01.324,-0.040
01.326,-0.035
01.328,-0.035
01.330,-0.035
01.332,-0.035
01.334,-0.040
01.336,-0.040
01.338,-0.045
01.340,-0.040
01.342,-0.040
01.344,-0.030
01.346,-0.020
01.348,-0.010
01.350,0.000
01.352,0.005
01.354,0.005
01.356,0.000
01.358,-0.010
01.360,-0.025
01.362,-0.045
01.364,-0.060
01.366,-0.070
01.368,-0.080
01.370,-0.080
01.372,-0.070
01.374,-0.055
01.376,-0.040
01.378,-0.020
01.380,-0.010
01.382,0.000
01.384,0.005
01.386,0.000
01.388,-0.010
01.390,-0.020
01.392,-0.030
01.394,-0.040
01.396,-0.045
01.398,-0.045
01.400,-0.045
01.402,-0.045
01.404,-0.040
01.406,-0.040
01.408,-0.040
01.410,-0.045
01.412,-0.050
01.414,-0.055
01.416,-0.065
01.418,-0.070
01.420,-0.080
01.422,-0.085
01.424,-0.085
01.426,-0.080
01.428,-0.070
01.430,-0.055
01.432,-0.035
01.434,-0.015
01.436,0.005
01.438,0.020
01.440,0.030
01.442,0.030
01.444,0.025
01.446,0.015
01.448,-0.005
01.450,-0.025
01.452,-0.045
01.454,-0.060
01.456,-0.070
01.458,-0.080
01.460,-0.080
01.462,-0.075
01.464,-0.065
01.466,-0.060
01.468,-0.050
01.470,-0.045
01.472,-0.040
01.474,-0.035
01.476,-0.035
01.478,-0.030
01.480,-0.030
01.482,-0.030
01.484,-0.030
01.486,-0.035
01.488,-0.035
01.490,-0.035
01.492,-0.035
01.494,-0.040
01.496,-0.040
01.498,-0.040
01.500,-0.040
01.502,-0.035
01.504,-0.030
01.506,-0.025
01.508,-0.020
01.510,-0.015
01.512,-0.010
01.514,-0.005
01.516,-0.005
01.518,-0.005
01.520,-0.010
01.522,-0.010
01.524,-0.015
01.526,-0.015
01.528,-0.015
01.530,-0.015
01.532,-0.010
01.534,-0.005
01.536,-0.005
01.538,0.000
01.540,0.000
01.542,0.000
01.544,-0.005
01.546,-0.010
01.548,-0.020
01.550,-0.025
01.552,-0.035
01.554,-0.040
01.556,-0.045
01.558,-0.040
01.560,-0.035
01.562,-0.025
01.564,-0.015
01.566,0.000
01.568,0.010
01.570,0.020
01.572,0.030
01.574,0.030
01.576,0.035
01.578,0.030
01.580,0.025
01.582,0.020
01.584,0.010
01.586,0.000
01.588,-0.010
01.590,-0.015
01.592,-0.020
01.594,-0.025
01.596,-0.025
01.598,-0.020
01.600,-0.015
01.602,-0.010
01.604,-0.005
01.606,-0.005
01.608,-0.005
01.610,-0.010
01.612,-0.020
01.614,-0.025
01.616,-0.035
01.618,-0.040
01.620,-0.040
01.622,-0.035
01.624,-0.025
01.626,-0.010
01.628,0.005
01.630,0.020
01.632,0.025
01.634,0.030
01.636,0.020
01.638,0.010
01.640,-0.005
01.642,-0.025
01.644,-0.035
01.646,-0.040
01.648,-0.040
01.650,-0.030
01.652,-0.015
01.654,0.005
01.656,0.020
01.658,0.035
01.660,0.040
01.662,0.045
01.664,0.040
01.666,0.035
01.668,0.025
01.670,0.020
01.672,0.015
01.674,0.015
01.676,0.015
01.678,0.020
01.680,0.025
01.682,0.025
01.684,0.025
01.686,0.025
01.688,0.025
01.690,0.025
01.692,0.020
01.694,0.020
01.696,0.020
01.698,0.025
01.700,0.025
01.702,0.025
01.704,0.030
01.706,0.030
01.708,0.030
01.710,0.030
01.712,0.030
01.714,0.030
01.716,0.025
01.718,0.015
01.720,0.010
01.722,0.005
01.724,-0.005
01.726,-0.005
01.728,-0.005
01.730,0.000
01.732,0.005
01.734,0.015
01.736,0.020
01.738,0.025
01.740,0.025
01.742,0.025
01.744,0.020
01.746,0.020
01.748,0.020
01.750,0.025
01.752,0.030
01.754,0.040
01.756,0.055
01.758,0.060
01.760,0.065
01.762,0.060
01.764,0.050
01.766,0.035
01.768,0.020
01.770,0.010
01.772,0.000
01.774,0.000
01.776,0.010
01.778,0.025
01.780,0.040
01.782,0.050
01.784,0.060
01.786,0.065
01.788,0.060
01.790,0.055
01.792,0.050
01.794,0.045
01.796,0.040
01.798,0.040
01.800,0.045
01.802,0.050
01.804,0.060
01.806,0.065
01.808,0.070
01.810,0.075
01.812,0.080
01.814,0.090
01.816,0.095
01.818,0.105
01.820,0.115
01.822,0.125
01.824,0.130
01.826,0.135
01.828,0.140
01.830,0.140
01.832,0.135
01.834,0.130
01.836,0.125
01.838,0.115
01.840,0.105
01.842,0.095
01.844,0.090
01.846,0.080
01.848,0.070
01.850,0.060
01.852,0.055
01.854,0.050
01.856,0.045
01.858,0.045
01.860,0.045
01.862,0.050
01.864,0.055
01.866,0.065
01.868,0.070
01.870,0.080
01.872,0.090
01.874,0.095
01.876,0.100
01.878,0.105
01.880,0.105
01.882,0.100
01.884,0.095
01.886,0.085
01.888,0.075
01.890,0.060
01.892,0.055
01.894,0.050
01.896,0.050
01.898,0.055
01.900,0.060
01.902,0.075
01.904,0.085
01.906,0.095
01.908,0.100
01.910,0.105
01.912,0.110
01.914,0.110
01.916,0.105
01.918,0.110
01.920,0.115
01.922,0.120
01.924,0.130
01.926,0.140
01.928,0.150
01.930,0.160
01.932,0.165
01.934,0.170
01.936,0.165
01.938,0.160
01.940,0.155
01.942,0.140
01.944,0.125
01.946,0.100
01.948,0.075
01.950,0.040
01.952,0.010
01.954,-0.025
01.956,-0.060
01.958,-0.085
01.960,-0.105
01.962,-0.115
01.964,-0.110
01.966,-0.105
01.968,-0.090
01.970,-0.070
01.972,-0.050
01.974,-0.035
01.976,-0.020
01.978,-0.010
01.980,-0.005
01.982,0.005
01.984,0.015
01.986,0.025
01.988,0.040
01.990,0.050
01.992,0.055
01.994,0.060
01.996,0.060
01.998,0.050
02.000,0.040
02.002,0.025
02.004,0.015
02.006,0.005
02.008,0.005
02.010,0.010
02.012,0.020
02.014,0.035
02.016,0.055
02.018,0.070
02.020,0.080
02.022,0.085
02.024,0.080
02.026,0.070
02.028,0.055
02.030,0.040
02.032,0.020
02.034,0.010
02.036,0.000
02.038,-0.005
02.040,0.000
02.042,0.000
02.044,0.010
02.046,0.015
02.048,0.025
02.050,0.030
02.052,0.030
02.054,0.030
02.056,0.025
02.058,0.020
02.060,0.015
02.062,0.010
02.064,0.005
02.066,0.000
02.068,0.000
02.070,0.005
02.072,0.010
02.074,0.020
02.076,0.035
02.078,0.045
02.080,0.055
02.082,0.060
02.084,0.065
02.086,0.060
02.088,0.055
02.090,0.045
02.092,0.040
02.094,0.035
02.096,0.035
02.098,0.035
02.100,0.045
02.102,0.060
02.104,0.070
02.106,0.085
02.108,0.090
02.110,0.095
02.112,0.095
02.114,0.090
02.116,0.085
02.118,0.075
02.120,0.075
02.122,0.075
02.124,0.080
02.126,0.085
02.128,0.095
02.130,0.105
02.132,0.110
02.134,0.110
02.136,0.110
02.138,0.105
02.140,0.095
02.142,0.090
02.144,0.080
02.146,0.075
02.148,0.070
02.150,0.070
02.152,0.080
02.154,0.085
02.156,0.095
02.158,0.105
02.160,0.110
02.162,0.110
02.164,0.110
02.166,0.105
02.168,0.100
02.170,0.090
02.172,0.085
02.174,0.075
02.176,0.075
02.178,0.075
02.180,0.075
02.182,0.080
02.184,0.085
02.186,0.085
02.188,0.085
02.190,0.080
02.192,0.075
02.194,0.070
02.196,0.060
02.198,0.050
02.200,0.045
02.202,0.040
02.204,0.030
02.206,0.025
02.208,0.015
02.210,0.000
02.212,-0.015
02.214,-0.030
02.216,-0.050
02.218,-0.070
02.220,-0.085
02.222,-0.095
02.224,-0.105
02.226,-0.105
02.228,-0.100
02.230,-0.095
02.232,-0.085
02.234,-0.080
02.236,-0.070
02.238,-0.070
02.240,-0.070
02.242,-0.075
02.244,-0.080
02.246,-0.090
02.248,-0.100
02.250,-0.105
02.252,-0.110
02.254,-0.110
02.256,-0.100
02.258,-0.095
02.260,-0.080
02.262,-0.070
02.264,-0.055
02.266,-0.050
02.268,-0.045
02.270,-0.050
02.272,-0.055
02.274,-0.065
02.276,-0.070
02.278,-0.080
02.280,-0.080
02.282,-0.080
02.284,-0.075
02.286,-0.070
02.288,-0.065
02.290,-0.060
02.292,-0.065
02.294,-0.070
02.296,-0.080
02.298,-0.095
02.300,-0.105
02.302,-0.110
02.304,-0.115
02.306,-0.115
02.308,-0.110
02.310,-0.105
02.312,-0.100
02.314,-0.100
02.316,-0.105
02.318,-0.110
02.320,-0.120
02.322,-0.130
02.324,-0.135
02.326,-0.135
02.328,-0.125
02.330,-0.115
02.332,-0.100
02.334,-0.085
02.336,-0.070
02.338,-0.060
02.340,-0.055
02.342,-0.060
02.344,-0.065
02.346,-0.070
02.348,-0.075
02.350,-0.080
02.352,-0.080
02.354,-0.075
02.356,-0.070
02.358,-0.065
02.360,-0.060
02.362,-0.060
02.364,-0.065
02.366,-0.070
02.368,-0.070
02.370,-0.075
02.372,-0.070
02.374,-0.060
02.376,-0.045
02.378,-0.030
02.380,-0.020
02.382,-0.005
02.384,-0.005
02.386,-0.005
02.388,-0.015
02.390,-0.030
02.392,-0.050
02.394,-0.070
02.396,-0.080
02.398,-0.090
02.400,-0.090
02.402,-0.090
02.404,-0.080
02.406,-0.075
02.408,-0.065
02.410,-0.060
02.412,-0.055
02.414,-0.055
02.416,-0.055
02.418,-0.050
02.420,-0.050
02.422,-0.045
02.424,-0.045
02.426,-0.045
02.428,-0.050
02.430,-0.050
02.432,-0.055
02.434,-0.055
02.436,-0.050
02.438,-0.045
02.440,-0.040
02.442,-0.030
02.444,-0.025
02.446,-0.020
02.448,-0.020
02.450,-0.025
02.452,-0.030
02.454,-0.040
02.456,-0.045
02.458,-0.045
02.460,-0.040
02.462,-0.030
02.464,-0.020
02.466,-0.005
02.468,0.005
02.470,0.010
02.472,0.005
02.474,-0.010
02.476,-0.025
02.478,-0.045
02.480,-0.060
02.482,-0.070
02.484,-0.070
02.486,-0.065
02.488,-0.050
02.490,-0.040
02.492,-0.035
02.494,-0.030
02.496,-0.030
02.498,-0.035
02.500,-0.045
02.502,-0.050
02.504,-0.055
02.506,-0.050
02.508,-0.045
02.510,-0.040
02.512,-0.030
02.514,-0.025
02.516,-0.025
02.518,-0.025
02.520,-0.025
02.522,-0.025
02.524,-0.025
02.526,-0.015
02.528,0.000
02.530,0.015
02.532,0.035
02.534,0.045
02.536,0.050
02.538,0.045
02.540,0.030
02.542,0.005
02.544,-0.020
02.546,-0.050
02.548,-0.070
02.550,-0.085
02.552,-0.085
02.554,-0.080
02.556,-0.065
02.558,-0.050
02.560,-0.030
02.562,-0.020
02.564,-0.010
02.566,-0.010
02.568,-0.015
02.570,-0.025
02.572,-0.035
02.574,-0.045
02.576,-0.045
02.578,-0.045
02.580,-0.040
02.582,-0.035
02.584,-0.030
02.586,-0.025
02.588,-0.020
02.590,-0.020
02.592,-0.025
02.594,-0.030
02.596,-0.030
02.598,-0.030
02.600,-0.030
02.602,-0.025
02.604,-0.015
02.606,-0.005
02.608,0.005
02.610,0.015
02.612,0.015
02.614,0.010
02.616,0.000
02.618,-0.010
02.620,-0.020
02.622,-0.035
02.624,-0.040
02.626,-0.040
02.628,-0.040
02.630,-0.030
02.632,-0.025
02.634,-0.015
02.636,-0.005
02.638,0.000
02.640,0.000
02.642,0.000
02.644,-0.005
02.646,-0.010
02.648,-0.015
02.650,-0.015
02.652,-0.015
02.654,-0.015
02.656,-0.010
02.658,-0.005
02.660,-0.005
02.662,0.000
02.664,0.005
02.666,0.005
02.668,0.005
02.670,0.010
02.672,0.010
02.674,0.015
02.676,0.020
02.678,0.030
02.680,0.035
02.682,0.045
02.684,0.050
02.686,0.050
02.688,0.055
02.690,0.055
02.692,0.055
02.694,0.050
02.696,0.050
02.698,0.055
02.700,0.055
02.702,0.055
02.704,0.055
02.706,0.055
02.708,0.050
02.710,0.040
02.712,0.035
02.714,0.025
02.716,0.020
02.718,0.020
02.720,0.025
02.722,0.035
02.724,0.050
02.726,0.070
02.728,0.085
02.730,0.095
02.732,0.100
02.734,0.095
02.736,0.090
02.738,0.075
02.740,0.060
02.742,0.050
02.744,0.040
02.746,0.035
02.748,0.030
02.750,0.035
02.752,0.035
02.754,0.035
02.756,0.035
02.758,0.035
02.760,0.035
02.762,0.030
02.764,0.030
02.766,0.030
02.768,0.030
02.770,0.035
02.772,0.035
02.774,0.030
02.776,0.025
02.778,0.020
02.780,0.010
02.782,0.005
02.784,0.000
02.786,-0.005
02.788,0.000
02.790,0.000
02.792,0.005
02.794,0.010
02.796,0.005
02.798,-0.005
02.800,-0.015
02.802,-0.035
02.804,-0.050
02.806,-0.070
02.808,-0.080
02.810,-0.085
02.812,-0.085
02.814,-0.075
02.816,-0.065
02.818,-0.050
02.820,-0.040
02.822,-0.025
02.824,-0.020
02.826,-0.015
02.828,-0.010
02.830,-0.010
02.832,-0.010
02.834,-0.010
02.836,-0.010
02.838,-0.010
02.840,-0.010
02.842,-0.010
02.844,-0.010
02.846,-0.010
02.848,0.000
02.850,0.010
02.852,0.025
02.854,0.045
02.856,0.060
02.858,0.075
02.860,0.080
02.862,0.075
02.864,0.055
02.866,0.025
02.868,-0.020
02.870,-0.065
02.872,-0.105
02.874,-0.145
02.876,-0.165
02.878,-0.175
02.880,-0.175
02.882,-0.160
02.884,-0.140
02.886,-0.120
02.888,-0.100
02.890,-0.080
02.892,-0.070
02.894,-0.065
02.896,-0.060
02.898,-0.055
02.900,-0.055
02.902,-0.050
02.904,-0.055
02.906,-0.055
02.908,-0.065
02.910,-0.080
02.912,-0.100
02.914,-0.115
02.916,-0.130
02.918,-0.140
02.920,-0.140
02.922,-0.130
02.924,-0.115
02.926,-0.095
02.928,-0.070
02.930,-0.055
02.932,-0.045
02.934,-0.040
02.936,-0.040
02.938,-0.045
02.940,-0.050
02.942,-0.055
02.944,-0.055
02.946,-0.050
02.948,-0.040
02.950,-0.035
02.952,-0.030
02.954,-0.030
02.956,-0.030
02.958,-0.040
02.960,-0.045
02.962,-0.050
02.964,-0.050
02.966,-0.050
02.968,-0.040
02.970,-0.030
02.972,-0.025
02.974,-0.015
02.976,-0.015
02.978,-0.020
02.980,-0.030
02.982,-0.040
02.984,-0.050
02.986,-0.055
02.988,-0.055
02.990,-0.055
02.992,-0.045
02.994,-0.040
02.996,-0.030
02.998,-0.030
03.000,-0.025
03.002,-0.030
03.004,-0.035
03.006,-0.040
03.008,-0.050
03.010,-0.050
03.012,-0.050
03.014,-0.045
03.016,-0.040
03.018,-0.025
03.020,-0.015
03.022,-0.005
03.024,0.000
03.026,0.010
03.028,0.010
03.030,0.010
03.032,0.010
03.034,0.010
03.036,0.010
03.038,0.020
03.040,0.030
03.042,0.045
03.044,0.065
03.046,0.085
03.048,0.100
03.050,0.115
03.052,0.120
03.054,0.120
03.056,0.115
03.058,0.105
03.060,0.090
03.062,0.080
03.064,0.075
03.066,0.070
03.068,0.075
03.070,0.085
03.072,0.095
03.074,0.110
03.076,0.125
03.078,0.135
03.080,0.140
03.082,0.145
03.084,0.145
03.086,0.140
03.088,0.135
03.090,0.130
03.092,0.120
03.094,0.115
03.096,0.110
03.098,0.105
03.100,0.105
03.102,0.105
03.104,0.105
03.106,0.105
03.108,0.110
03.110,0.105
03.112,0.105
03.114,0.100
03.116,0.090
03.118,0.085
03.120,0.075
03.122,0.070
03.124,0.060
03.126,0.055
03.128,0.050
03.130,0.045
03.132,0.040
03.134,0.035
03.136,0.030
03.138,0.030
03.140,0.025
03.142,0.025
03.144,0.025
03.146,0.025
03.148,0.020
03.150,0.020
03.152,0.010
03.154,0.000
03.156,-0.015
03.158,-0.030
03.160,-0.045
03.162,-0.060
03.164,-0.075
03.166,-0.085
03.168,-0.090
03.170,-0.090
03.172,-0.090
03.174,-0.085
03.176,-0.080
03.178,-0.070
03.180,-0.055
03.182,-0.045
03.184,-0.035
03.186,-0.025
03.188,-0.020
03.190,-0.015
03.192,-0.020
03.194,-0.025
03.196,-0.030
03.198,-0.040
03.200,-0.050
03.202,-0.055
03.204,-0.060
03.206,-0.060
03.208,-0.060
03.210,-0.055
03.212,-0.055
03.214,-0.050
03.216,-0.050
03.218,-0.050
03.220,-0.050
03.222,-0.050
03.224,-0.055
03.226,-0.055
03.228,-0.060
03.230,-0.065
03.232,-0.070
03.234,-0.075
03.236,-0.075
03.238,-0.080
03.240,-0.080
03.242,-0.085
03.244,-0.085
03.246,-0.085
03.248,-0.085
03.250,-0.090
03.252,-0.090
03.254,-0.095
03.256,-0.100
03.258,-0.105
03.260,-0.110
03.262,-0.115
03.264,-0.115
03.266,-0.110
03.268,-0.105
03.270,-0.095
03.272,-0.085
03.274,-0.075
03.276,-0.065
03.278,-0.055
03.280,-0.050
03.282,-0.045
03.284,-0.040
03.286,-0.040
03.288,-0.040
03.290,-0.045
03.292,-0.050
03.294,-0.050
03.296,-0.055
03.298,-0.055
03.300,-0.050
03.302,-0.045
03.304,-0.040
03.306,-0.035
03.308,-0.030
03.310,-0.030
03.312,-0.035
03.314,-0.045
03.316,-0.060
03.318,-0.075
03.320,-0.090
03.322,-0.100
03.324,-0.105
03.326,-0.100
03.328,-0.085
03.330,-0.070
03.332,-0.050
03.334,-0.030
03.336,-0.020
03.338,-0.015
03.340,-0.020
03.342,-0.035
03.344,-0.055
03.346,-0.075
03.348,-0.095
03.350,-0.105
03.352,-0.105
03.354,-0.100
03.356,-0.085
03.358,-0.065
03.360,-0.050
03.362,-0.035
03.364,-0.025
03.366,-0.025
03.368,-0.035
03.370,-0.050
03.372,-0.065
03.374,-0.080
03.376,-0.085
03.378,-0.090
03.380,-0.085
03.382,-0.070
03.384,-0.055
03.386,-0.040
03.388,-0.030
03.390,-0.025
03.392,-0.030
03.394,-0.035
03.396,-0.050
03.398,-0.070
03.400,-0.085
03.402,-0.095
03.404,-0.100
03.406,-0.095
03.408,-0.080
03.410,-0.060
03.412,-0.035
03.414,-0.010
03.416,0.010
03.418,0.025
03.420,0.025
03.422,0.015
03.424,-0.005
03.426,-0.035
03.428,-0.060
03.430,-0.085
03.432,-0.095
03.434,-0.100
03.436,-0.090
03.438,-0.070
03.440,-0.045
03.442,-0.020
03.444,0.000
03.446,0.015
03.448,0.015
03.450,0.010
03.452,-0.005
03.454,-0.020
03.456,-0.035
03.458,-0.045
03.460,-0.050
03.462,-0.050
03.464,-0.050
03.466,-0.045
03.468,-0.045
03.470,-0.040
03.472,-0.040
03.474,-0.045
03.476,-0.045
03.478,-0.045
03.480,-0.045
03.482,-0.040
03.484,-0.035
03.486,-0.030
03.488,-0.025
03.490,-0.025
03.492,-0.030
03.494,-0.035
03.496,-0.040
03.498,-0.045
03.500,-0.045
03.502,-0.045
03.504,-0.040
03.506,-0.030
03.508,-0.020
03.510,-0.010
03.512,0.000
03.514,0.010
03.516,0.015
03.518,0.020
03.520,0.020
03.522,0.020
03.524,0.015
03.526,0.010
03.528,0.005
03.530,-0.005
03.532,-0.010
03.534,-0.015
03.536,-0.015
03.538,-0.020
03.540,-0.015
03.542,-0.010
03.544,-0.005
03.546,0.005
03.548,0.015
03.550,0.020
03.552,0.025
03.554,0.030
03.556,0.030
03.558,0.030
03.560,0.025
03.562,0.020
03.564,0.010
03.566,0.005
03.568,0.000
03.570,-0.005
03.572,-0.010
03.574,-0.010
03.576,-0.010
03.578,-0.010
03.580,-0.005
03.582,0.000
03.584,0.005
03.586,0.010
03.588,0.015
03.590,0.020
03.592,0.025
03.594,0.025
03.596,0.025
03.598,0.025
03.600,0.025
03.602,0.025
03.604,0.030
03.606,0.035
03.608,0.040
03.610,0.040
03.612,0.040
03.614,0.035
03.616,0.030
03.618,0.025
03.620,0.020
03.622,0.015
03.624,0.015
03.626,0.025
03.628,0.035
03.630,0.050
03.632,0.065
03.634,0.080
03.636,0.090
03.638,0.090
03.640,0.090
03.642,0.090
03.644,0.085
03.646,0.080
03.648,0.075
03.650,0.075
03.652,0.080
03.654,0.080
03.656,0.080
03.658,0.075
03.660,0.070
03.662,0.055
03.664,0.045
03.666,0.030
03.668,0.025
03.670,0.025
03.672,0.035
03.674,0.055
03.676,0.075
03.678,0.095
03.680,0.110
03.682,0.115
03.684,0.110
03.686,0.095
03.688,0.070
03.690,0.040
03.692,0.015
03.694,-0.005
03.696,-0.015
03.698,-0.020
03.700,-0.010
03.702,0.000
03.704,0.020
03.706,0.035
03.708,0.045
03.710,0.050
03.712,0.050
03.714,0.045
03.716,0.040
03.718,0.030
03.720,0.025
03.722,0.025
03.724,0.025
03.726,0.030
03.728,0.035
03.730,0.040
03.732,0.045
03.734,0.045
03.736,0.040
03.738,0.035
03.740,0.030
03.742,0.020
03.744,0.015
03.746,0.010
03.748,0.010
03.750,0.015
03.752,0.020
03.754,0.025
03.756,0.030
03.758,0.035
03.760,0.035
03.762,0.035
03.764,0.035
03.766,0.030
03.768,0.030
03.770,0.035
03.772,0.050
03.774,0.065
03.776,0.085
03.778,0.110
03.780,0.130
03.782,0.155
03.784,0.170
03.786,0.175
03.788,0.175
03.790,0.160
03.792,0.140
03.794,0.110
03.796,0.075
03.798,0.035
03.800,-0.005
03.802,-0.035
03.804,-0.065
03.806,-0.080
03.808,-0.085
03.810,-0.080
03.812,-0.060
03.814,-0.035
03.816,-0.005
03.818,0.020
03.820,0.045
03.822,0.060
03.824,0.070
03.826,0.065
03.828,0.060
03.830,0.045
03.832,0.040
03.834,0.035
03.836,0.035
03.838,0.040
03.840,0.055
03.842,0.065
03.844,0.075
03.846,0.075
03.848,0.075
03.850,0.060
03.852,0.050
03.854,0.035
03.856,0.020
03.858,0.015
03.860,0.020
03.862,0.035
03.864,0.050
03.866,0.070
03.868,0.090
03.870,0.105
03.872,0.115
03.874,0.115
03.876,0.110
03.878,0.100
03.880,0.090
03.882,0.080
03.884,0.075
03.886,0.070
03.888,0.065
03.890,0.070
03.892,0.070
03.894,0.070
03.896,0.070
03.898,0.070
03.900,0.070
03.902,0.070
03.904,0.065
03.906,0.065
03.908,0.065
03.910,0.060
03.912,0.060
03.914,0.060
03.916,0.055
03.918,0.055
03.920,0.055
03.922,0.055
03.924,0.055
03.926,0.060
03.928,0.060
03.930,0.065
03.932,0.070
03.934,0.070
03.936,0.065
03.938,0.065
03.940,0.060
03.942,0.060
03.944,0.060
03.946,0.065
03.948,0.070
03.950,0.080
03.952,0.095
03.954,0.105
03.956,0.110
03.958,0.115
03.960,0.110
03.962,0.105
03.964,0.095
03.966,0.085
03.968,0.080
03.970,0.080
03.972,0.090
03.974,0.105
03.976,0.125
03.978,0.150
03.980,0.170
03.982,0.180
03.984,0.185
03.986,0.185
03.988,0.175
03.990,0.160
03.992,0.145
03.994,0.135
03.996,0.130
03.998,0.130
04.000,0.140
04.002,0.155
04.004,0.175
04.006,0.195
04.008,0.210
04.010,0.225
04.012,0.230
04.014,0.225
04.016,0.215
04.018,0.205
04.020,0.190
04.022,0.180
04.024,0.170
04.026,0.165
04.028,0.165
04.030,0.165
04.032,0.165
04.034,0.165
04.036,0.165
04.038,0.155
04.040,0.140
04.042,0.125
04.044,0.100
04.046,0.080
04.048,0.060
04.050,0.045
04.052,0.040
04.054,0.040
04.056,0.045
04.058,0.055
04.060,0.060
04.062,0.065
04.064,0.060
04.066,0.050
04.068,0.035
04.070,0.020
04.072,0.000
04.074,-0.010
04.076,-0.015
04.078,-0.015
04.080,-0.010
04.082,-0.005
04.084,0.005
04.086,0.010
04.088,0.010
04.090,0.010
04.092,0.005
04.094,0.000
04.096,-0.005
04.098,-0.005
04.100,0.000
04.102,0.000
04.104,0.005
04.106,0.005
04.108,0.000
04.110,-0.005
04.112,-0.020
04.114,-0.030
04.116,-0.040
04.118,-0.050
04.120,-0.055
04.122,-0.050
04.124,-0.045
04.126,-0.040
04.128,-0.030
04.130,-0.025
04.132,-0.020
04.134,-0.020
04.136,-0.020
04.138,-0.025
04.140,-0.025
04.142,-0.025
04.144,-0.020
04.146,-0.015
04.148,-0.010
04.150,-0.005
04.152,-0.005
04.154,-0.005
04.156,-0.010
04.158,-0.020
04.160,-0.025
04.162,-0.035
04.164,-0.045
04.166,-0.050
04.168,-0.050
04.170,-0.050
04.172,-0.050
04.174,-0.045
04.176,-0.040
04.178,-0.030
04.180,-0.025
04.182,-0.015
04.184,-0.005
04.186,0.005
04.188,0.010
04.190,0.010
04.192,0.010
04.194,0.005
04.196,-0.005
04.198,-0.020
04.200,-0.030
04.202,-0.040
04.204,-0.045
04.206,-0.045
04.208,-0.040
04.210,-0.030
04.212,-0.020
04.214,-0.005
04.216,0.000
04.218,0.005
04.220,0.000
04.222,-0.010
04.224,-0.020
04.226,-0.035
04.228,-0.045
04.230,-0.055
04.232,-0.055
04.234,-0.055
04.236,-0.050
04.238,-0.045
04.240,-0.040
04.242,-0.035
04.244,-0.030
04.246,-0.030
04.248,-0.030
04.250,-0.035
04.252,-0.040
04.254,-0.045
04.256,-0.050
04.258,-0.050
04.260,-0.050
04.262,-0.050
04.264,-0.045
04.266,-0.035
04.268,-0.025
04.270,-0.015
04.272,-0.010
04.274,-0.005
04.276,0.000
04.278,-0.005
04.280,-0.010
04.282,-0.020
04.284,-0.030
04.286,-0.045
04.288,-0.055
04.290,-0.060
04.292,-0.065
04.294,-0.065
04.296,-0.065
04.298,-0.060
04.300,-0.060
04.302,-0.055
04.304,-0.055
04.306,-0.060
04.308,-0.060
04.310,-0.065
04.312,-0.065
04.314,-0.070
04.316,-0.070
04.318,-0.070
04.320,-0.065
04.322,-0.065
04.324,-0.060
04.326,-0.060
04.328,-0.060
04.330,-0.060
04.332,-0.060
04.334,-0.060
04.336,-0.060
04.338,-0.060
04.340,-0.060
04.342,-0.055
04.344,-0.055
04.346,-0.050
04.348,-0.050
04.350,-0.045
04.352,-0.045
04.354,-0.050
04.356,-0.055
04.358,-0.065
04.360,-0.075
04.362,-0.085
04.364,-0.090
04.366,-0.090
04.368,-0.085
04.370,-0.080
04.372,-0.070
04.374,-0.065
04.376,-0.060
04.378,-0.065
04.380,-0.070
04.382,-0.085
04.384,-0.095
04.386,-0.110
04.388,-0.120
04.390,-0.120
04.392,-0.110
04.394,-0.100
04.396,-0.080
04.398,-0.065
04.400,-0.050
04.402,-0.045
04.404,-0.045
04.406,-0.050
04.408,-0.065
04.410,-0.075
04.412,-0.085
04.414,-0.085
04.416,-0.085
04.418,-0.075
04.420,-0.060
04.422,-0.045
04.424,-0.030
04.426,-0.025
04.428,-0.025
04.430,-0.030
04.432,-0.035
04.434,-0.045
04.436,-0.055
04.438,-0.060
04.440,-0.065
04.442,-0.060
04.444,-0.055
04.446,-0.050
04.448,-0.045
04.450,-0.040
04.452,-0.045
04.454,-0.045
04.456,-0.055
04.458,-0.060
04.460,-0.065
04.462,-0.065
04.464,-0.065
04.466,-0.055
04.468,-0.045
04.470,-0.030
04.472,-0.015
04.474,-0.005
04.476,0.005
04.478,0.005
04.480,0.000
04.482,-0.010
04.484,-0.025
04.486,-0.040
04.488,-0.050
04.490,-0.055
04.492,-0.060
04.494,-0.055
04.496,-0.045
04.498,-0.030
04.500,-0.015
04.502,0.000
04.504,0.010
04.506,0.015
04.508,0.010
04.510,0.005
04.512,-0.005
04.514,-0.020
04.516,-0.035
04.518,-0.045
04.520,-0.055
04.522,-0.060
04.524,-0.060
04.526,-0.055
04.528,-0.050
04.530,-0.040
04.532,-0.025
04.534,-0.015
04.536,-0.005
04.538,0.000
04.540,0.005
04.542,0.005
04.544,0.000
04.546,-0.005
04.548,-0.010
04.550,-0.015
04.552,-0.020
04.554,-0.020
04.556,-0.020
04.558,-0.010
04.560,-0.005
04.562,0.005
04.564,0.010
04.566,0.015
04.568,0.010
04.570,0.000
04.572,-0.015
04.574,-0.030
04.576,-0.050
04.578,-0.070
04.580,-0.080
04.582,-0.090
04.584,-0.090
04.586,-0.085
04.588,-0.080
04.590,-0.075
04.592,-0.070
04.594,-0.065
04.596,-0.065
04.598,-0.070
04.600,-0.075
04.602,-0.085
04.604,-0.095
04.606,-0.100
04.608,-0.110
04.610,-0.115
04.612,-0.120
04.614,-0.120
04.616,-0.115
04.618,-0.110
04.620,-0.105
04.622,-0.095
04.624,-0.090
04.626,-0.085
04.628,-0.085
04.630,-0.090
04.632,-0.100
04.634,-0.110
04.636,-0.115
04.638,-0.115
04.640,-0.110
04.642,-0.100
04.644,-0.080
04.646,-0.060
04.648,-0.040
04.650,-0.025
04.652,-0.020
04.654,-0.020
04.656,-0.020
04.658,-0.025
04.660,-0.030
04.662,-0.030
04.664,-0.025
04.666,-0.010
04.668,0.000
04.670,0.015
04.672,0.015
04.674,0.010
04.676,-0.010
04.678,-0.040
04.680,-0.075
04.682,-0.115
04.684,-0.145
04.686,-0.170
04.688,-0.185
04.690,-0.190
04.692,-0.190
04.694,-0.180
04.696,-0.170
04.698,-0.160
04.700,-0.155
04.702,-0.150
04.704,-0.145
04.706,-0.135
04.708,-0.130
04.710,-0.115
04.712,-0.100
04.714,-0.085
04.716,-0.070
04.718,-0.055
04.720,-0.045
04.722,-0.040
04.724,-0.040
04.726,-0.045
04.728,-0.050
04.730,-0.055
04.732,-0.055
04.734,-0.060
04.736,-0.055
04.738,-0.055
04.740,-0.050
04.742,-0.050
04.744,-0.045
04.746,-0.045
04.748,-0.045
04.750,-0.040
04.752,-0.035
04.754,-0.030
04.756,-0.025
04.758,-0.015
04.760,-0.010
04.762,-0.005
04.764,0.000
04.766,0.000
04.768,-0.005
04.770,-0.010
04.772,-0.015
04.774,-0.020
04.776,-0.025
04.778,-0.025
04.780,-0.025
04.782,-0.025
04.784,-0.020
04.786,-0.020
04.788,-0.015
04.790,-0.020
04.792,-0.025
04.794,-0.030
04.796,-0.035
04.798,-0.045
04.800,-0.050
04.802,-0.050
04.804,-0.050
04.806,-0.050
04.808,-0.040
04.810,-0.030
04.812,-0.020
04.814,-0.005
04.816,0.005
04.818,0.015
04.820,0.020
04.822,0.025
04.824,0.025
04.826,0.020
04.828,0.020
04.830,0.015
04.832,0.015
04.834,0.015
04.836,0.015
04.838,0.020
04.840,0.025
04.842,0.025
04.844,0.030
04.846,0.030
04.848,0.035
04.850,0.035
04.852,0.035
04.854,0.040
04.856,0.045
04.858,0.055
04.860,0.065
04.862,0.080
04.864,0.090
04.866,0.100
04.868,0.110
04.870,0.115
04.872,0.120
04.874,0.120
04.876,0.115
04.878,0.115
04.880,0.110
04.882,0.105
04.884,0.100
04.886,0.095
04.888,0.085
04.890,0.080
04.892,0.075
04.894,0.070
04.896,0.065
04.898,0.065
04.900,0.070
04.902,0.080
04.904,0.090
04.906,0.105
04.908,0.115
04.910,0.125
04.912,0.130
04.914,0.125
04.916,0.120
04.918,0.105
04.920,0.090
04.922,0.075
04.924,0.060
04.926,0.045
04.928,0.040
04.930,0.030
04.932,0.030
04.934,0.025
04.936,0.025
04.938,0.025
04.940,0.020
04.942,0.020
04.944,0.020
04.946,0.015
04.948,0.015
04.950,0.010
04.952,0.010
04.954,0.005
04.956,0.005
04.958,0.000
04.960,-0.005
04.962,-0.010
04.964,-0.010
04.966,-0.010
04.968,-0.010
04.970,-0.010
04.972,-0.010
04.974,-0.005
04.976,-0.005
04.978,-0.005
04.980,-0.005
04.982,-0.005
04.984,-0.005
04.986,0.000
04.988,0.010
04.990,0.020
04.992,0.030
04.994,0.045
04.996,0.050
04.998,0.055
05.000,0.055
05.002,0.055
05.004,0.045
05.006,0.040
05.008,0.030
05.010,0.025
05.012,0.025
05.014,0.025
05.016,0.025
05.018,0.030
05.020,0.035
05.022,0.035
05.024,0.040
05.026,0.040
05.028,0.045
05.030,0.055
05.032,0.065
05.034,0.075
05.036,0.085
05.038,0.095
05.040,0.095
05.042,0.090
05.044,0.080
05.046,0.065
05.048,0.050
05.050,0.040
05.052,0.030
05.054,0.035
05.056,0.040
05.058,0.055
05.060,0.075
05.062,0.090
05.064,0.100
05.066,0.105
05.068,0.100
05.070,0.095
05.072,0.080
05.074,0.070
05.076,0.065
05.078,0.060
05.080,0.060
05.082,0.065
05.084,0.070
05.086,0.075
05.088,0.075
05.090,0.070
05.092,0.060
05.094,0.055
05.096,0.045
05.098,0.045
05.100,0.045
05.102,0.050
05.104,0.055
05.106,0.065
05.108,0.070
05.110,0.075
05.112,0.070
05.114,0.065
05.116,0.055
05.118,0.050
05.120,0.045
05.122,0.040
05.124,0.040
05.126,0.045
05.128,0.050
05.130,0.055
05.132,0.060
05.134,0.065
05.136,0.065
05.138,0.065
05.140,0.070
05.142,0.070
05.144,0.070
05.146,0.075
05.148,0.075
05.150,0.070
05.152,0.065
05.154,0.060
05.156,0.050
05.158,0.040
05.160,0.035
05.162,0.030
05.164,0.030
05.166,0.040
05.168,0.045
05.170,0.055
05.172,0.060
05.174,0.060
05.176,0.060
05.178,0.055
05.180,0.050
05.182,0.040
05.184,0.030
05.186,0.025
05.188,0.020
05.190,0.020
05.192,0.020
05.194,0.020
05.196,0.025
05.198,0.025
05.200,0.025
05.202,0.030
05.204,0.035
05.206,0.040
05.208,0.045
05.210,0.050
05.212,0.060
05.214,0.060
05.216,0.060
05.218,0.060
05.220,0.050
05.222,0.045
05.224,0.040
05.226,0.035
05.228,0.035
05.230,0.035
05.232,0.040
05.234,0.045
05.236,0.045
05.238,0.050
05.240,0.050
05.242,0.045
05.244,0.040
05.246,0.035
05.248,0.035
05.250,0.030
05.252,0.025
05.254,0.025
05.256,0.025
05.258,0.025
05.260,0.025
05.262,0.030
05.264,0.030
05.266,0.035
05.268,0.035
05.270,0.040
05.272,0.040
05.274,0.035
05.276,0.030
05.278,0.020
05.280,0.010
05.282,0.000
05.284,-0.010
05.286,-0.020
05.288,-0.020
05.290,-0.015
05.292,-0.005
05.294,0.010
05.296,0.020
05.298,0.035
05.300,0.045
05.302,0.050
05.304,0.050
05.306,0.050
05.308,0.045
05.310,0.045
05.312,0.045
05.314,0.045
05.316,0.045
05.318,0.050
05.320,0.055
05.322,0.055
05.324,0.060
05.326,0.060
05.328,0.065
05.330,0.070
05.332,0.075
05.334,0.075
05.336,0.080
05.338,0.085
05.340,0.085
05.342,0.080
05.344,0.075
05.346,0.065
05.348,0.055
05.350,0.045
05.352,0.035
05.354,0.030
05.356,0.025
05.358,0.025
05.360,0.025
05.362,0.030
05.364,0.030
05.366,0.030
05.368,0.025
05.370,0.020
05.372,0.010
05.374,0.000
05.376,-0.010
05.378,-0.020
05.380,-0.025
05.382,-0.030
05.384,-0.030
05.386,-0.030
05.388,-0.025
05.390,-0.015
05.392,-0.005
05.394,0.005
05.396,0.015
05.398,0.020
05.400,0.020
05.402,0.020
05.404,0.015
05.406,0.010
05.408,0.005
05.410,0.005
05.412,0.000
05.414,0.005
05.416,0.005
05.418,0.005
05.420,0.005
05.422,0.000
05.424,-0.010
05.426,-0.020
05.428,-0.025
05.430,-0.035
05.432,-0.035
05.434,-0.030
05.436,-0.020
05.438,-0.005
05.440,0.010
05.442,0.025
05.444,0.035
05.446,0.035
05.448,0.035
05.450,0.030
05.452,0.030
05.454,0.030
05.456,0.040
05.458,0.055
05.460,0.075
05.462,0.090
05.464,0.105
05.466,0.110
05.468,0.095
05.470,0.070
05.472,0.030
05.474,-0.015
05.476,-0.060
05.478,-0.105
05.480,-0.135
05.482,-0.155
05.484,-0.160
05.486,-0.155
05.488,-0.145
05.490,-0.125
05.492,-0.110
05.494,-0.095
05.496,-0.080
05.498,-0.070
05.500,-0.060
05.502,-0.050
05.504,-0.035
05.506,-0.025
05.508,-0.010
05.510,0.005
05.512,0.010
05.514,0.010
05.516,0.000
05.518,-0.010
05.520,-0.030
05.522,-0.050
05.524,-0.065
05.526,-0.075
05.528,-0.080
05.530,-0.075
05.532,-0.065
05.534,-0.055
05.536,-0.040
05.538,-0.025
05.540,-0.015
05.542,-0.005
05.544,0.000
05.546,0.000
05.548,-0.005
05.550,-0.010
05.552,-0.020
05.554,-0.025
05.556,-0.035
05.558,-0.040
05.560,-0.045
05.562,-0.050
05.564,-0.050
05.566,-0.050
05.568,-0.045
05.570,-0.045
05.572,-0.040
05.574,-0.035
05.576,-0.035
05.578,-0.030
05.580,-0.030
05.582,-0.025
05.584,-0.020
05.586,-0.015
05.588,-0.005
05.590,0.005
05.592,0.020
05.594,0.030
05.596,0.040
05.598,0.045
05.600,0.050
05.602,0.050
05.604,0.045
05.606,0.035
05.608,0.030
05.610,0.020
05.612,0.015
05.614,0.010
05.616,0.005
05.618,0.010
05.620,0.020
05.622,0.030
05.624,0.040
05.626,0.050
05.628,0.065
05.630,0.070
05.632,0.075
05.634,0.075
05.636,0.070
05.638,0.065
05.640,0.055
05.642,0.050
05.644,0.045
05.646,0.050
05.648,0.055
05.650,0.065
05.652,0.075
05.654,0.085
05.656,0.095
05.658,0.100
05.660,0.100
05.662,0.095
05.664,0.090
05.666,0.085
05.668,0.085
05.670,0.085
05.672,0.090
05.674,0.100
05.676,0.115
05.678,0.135
05.680,0.150
05.682,0.165
05.684,0.175
05.686,0.180
05.688,0.190
05.690,0.190
05.692,0.195
05.694,0.195
05.696,0.190
05.698,0.185
05.700,0.175
05.702,0.160
05.704,0.145
05.706,0.125
05.708,0.100
05.710,0.085
05.712,0.070
05.714,0.060
05.716,0.060
05.718,0.060
05.720,0.070
05.722,0.075
05.724,0.075
05.726,0.075
05.728,0.065
05.730,0.055
05.732,0.035
05.734,0.015
05.736,0.000
05.738,-0.015
05.740,-0.025
05.742,-0.030
05.744,-0.035
05.746,-0.035
05.748,-0.030
05.750,-0.025
05.752,-0.025
05.754,-0.020
05.756,-0.020
05.758,-0.025
05.760,-0.030
05.762,-0.035
05.764,-0.040
05.766,-0.045
05.768,-0.050
05.770,-0.050
05.772,-0.050
05.774,-0.050
05.776,-0.050
05.778,-0.050
05.780,-0.050
05.782,-0.055
05.784,-0.060
05.786,-0.075
05.788,-0.085
05.790,-0.100
05.792,-0.115
05.794,-0.125
05.796,-0.125
05.798,-0.125
05.800,-0.115
05.802,-0.105
05.804,-0.095
05.806,-0.085
05.808,-0.075
05.810,-0.075
05.812,-0.075
05.814,-0.080
05.816,-0.085
05.818,-0.095
05.820,-0.105
05.822,-0.110
05.824,-0.115
05.826,-0.120
05.828,-0.120
05.830,-0.125
05.832,-0.125
05.834,-0.125
05.836,-0.125
05.838,-0.125
05.840,-0.125
05.842,-0.130
05.844,-0.130
05.846,-0.135
05.848,-0.135
05.850,-0.135
05.852,-0.135
05.854,-0.125
05.856,-0.115
05.858,-0.105
05.860,-0.095
05.862,-0.085
05.864,-0.080
05.866,-0.080
05.868,-0.085
05.870,-0.095
05.872,-0.105
05.874,-0.120
05.876,-0.135
05.878,-0.140
05.880,-0.145
05.882,-0.145
05.884,-0.140
05.886,-0.130
05.888,-0.125
05.890,-0.120
05.892,-0.115
05.894,-0.115
05.896,-0.115
05.898,-0.115
05.900,-0.115
05.902,-0.115
05.904,-0.115
05.906,-0.110
05.908,-0.110
05.910,-0.110
05.912,-0.110
05.914,-0.110
05.916,-0.115
05.918,-0.125
05.920,-0.135
05.922,-0.145
05.924,-0.150
05.926,-0.155
05.928,-0.155
05.930,-0.150
05.932,-0.140
05.934,-0.130
05.936,-0.115
05.938,-0.095
05.940,-0.085
05.942,-0.075
05.944,-0.070
05.946,-0.075
05.948,-0.085
05.950,-0.100
05.952,-0.120
05.954,-0.140
05.956,-0.155
05.958,-0.165
05.960,-0.170
05.962,-0.165
05.964,-0.155
05.966,-0.140
05.968,-0.125
05.970,-0.110
05.972,-0.095
05.974,-0.090
05.976,-0.085
05.978,-0.090
05.980,-0.095
05.982,-0.105
05.984,-0.110
05.986,-0.115
05.988,-0.120
05.990,-0.120
05.992,-0.120
05.994,-0.120
05.996,-0.115
05.998,-0.115
06.000,-0.115
06.002,-0.115
06.004,-0.115
06.006,-0.115
06.008,-0.115
06.010,-0.115
06.012,-0.110
06.014,-0.105
06.016,-0.100
06.018,-0.095
06.020,-0.095
06.022,-0.100
06.024,-0.105
06.026,-0.110
06.028,-0.115
06.030,-0.120
06.032,-0.120
06.034,-0.115
06.036,-0.105
06.038,-0.090
06.040,-0.070
06.042,-0.055
06.044,-0.045
06.046,-0.035
06.048,-0.035
06.050,-0.040
06.052,-0.050
06.054,-0.065
06.056,-0.075
06.058,-0.080
06.060,-0.085
06.062,-0.080
06.064,-0.070
06.066,-0.055
06.068,-0.040
06.070,-0.025
06.072,-0.010
06.074,0.000
06.076,0.000
06.078,0.000
06.080,-0.010
06.082,-0.020
06.084,-0.025
06.086,-0.035
06.088,-0.045
06.090,-0.045
06.092,-0.045
06.094,-0.045
06.096,-0.040
06.098,-0.030
06.100,-0.020
06.102,-0.015
06.104,-0.010
06.106,-0.005
06.108,-0.005
06.110,-0.010
06.112,-0.015
06.114,-0.015
06.116,-0.020
06.118,-0.015
06.120,-0.015
06.122,-0.005
06.124,0.000
06.126,0.005
06.128,0.010
06.130,0.010
06.132,0.005
06.134,-0.005
06.136,-0.015
06.138,-0.025
06.140,-0.030
06.142,-0.025
06.144,-0.020
06.146,-0.005
06.148,0.005
06.150,0.015
06.152,0.025
06.154,0.025
06.156,0.020
06.158,0.010
06.160,0.000
06.162,-0.005
06.164,-0.010
06.166,-0.010
06.168,-0.005
06.170,0.005
06.172,0.015
06.174,0.020
06.176,0.020
06.178,0.020
06.180,0.010
06.182,0.005
06.184,-0.005
06.186,-0.010
06.188,-0.015
06.190,-0.010
06.192,-0.005
06.194,0.000
06.196,0.005
06.198,0.010
06.200,0.020
06.202,0.025
06.204,0.030
06.206,0.035
06.208,0.045
06.210,0.055
06.212,0.070
06.214,0.080
06.216,0.085
06.218,0.085
06.220,0.080
06.222,0.075
06.224,0.060
06.226,0.045
06.228,0.030
06.230,0.020
06.232,0.015
06.234,0.010
06.236,0.015
06.238,0.020
06.240,0.030
06.242,0.040
06.244,0.045
06.246,0.055
06.248,0.060
06.250,0.065
06.252,0.065
06.254,0.070
06.256,0.070
06.258,0.075
06.260,0.075
06.262,0.075
06.264,0.075
06.266,0.070
06.268,0.070
06.270,0.065
06.272,0.070
06.274,0.070
06.276,0.080
06.278,0.085
06.280,0.095
06.282,0.100
06.284,0.095
06.286,0.090
06.288,0.080
06.290,0.065
06.292,0.050
06.294,0.040
06.296,0.035
06.298,0.030
06.300,0.040
06.302,0.045
06.304,0.055
06.306,0.060
06.308,0.060
06.310,0.055
06.312,0.040
06.314,0.020
06.316,0.000
06.318,-0.015
06.320,-0.025
06.322,-0.025
06.324,-0.020
06.326,-0.005
06.328,0.010
06.330,0.020
06.332,0.030
06.334,0.030
06.336,0.025
06.338,0.010
06.340,0.000
06.342,-0.010
06.344,-0.020
06.346,-0.020
06.348,-0.020
06.350,-0.015
06.352,-0.010
06.354,-0.010
06.356,-0.010
06.358,-0.010
06.360,-0.015
06.362,-0.015
06.364,-0.015
06.366,-0.010
06.368,0.000
06.370,0.010
06.372,0.025
06.374,0.040
06.376,0.050
06.378,0.055
06.380,0.055
06.382,0.055
06.384,0.050
06.386,0.045
06.388,0.045
06.390,0.045
06.392,0.050
06.394,0.055
06.396,0.055
06.398,0.050
06.400,0.040
06.402,0.015
06.404,-0.020
06.406,-0.060
06.408,-0.100
06.410,-0.135
06.412,-0.170
06.414,-0.190
06.416,-0.195
06.418,-0.190
06.420,-0.175
06.422,-0.155
06.424,-0.135
06.426,-0.115
06.428,-0.100
06.430,-0.095
06.432,-0.095
06.434,-0.100
06.436,-0.115
06.438,-0.125
06.440,-0.140
06.442,-0.150
06.444,-0.155
06.446,-0.160
06.448,-0.160
06.450,-0.155
06.452,-0.150
06.454,-0.145
06.456,-0.140
06.458,-0.135
06.460,-0.135
06.462,-0.130
06.464,-0.130
06.466,-0.130
06.468,-0.130
06.470,-0.130
06.472,-0.130
06.474,-0.125
06.476,-0.125
06.478,-0.115
06.480,-0.110
06.482,-0.100
06.484,-0.090
06.486,-0.080
06.488,-0.075
06.490,-0.070
06.492,-0.065
06.494,-0.065
06.496,-0.065
06.498,-0.065
06.500,-0.060
06.502,-0.060
06.504,-0.055
06.506,-0.050
06.508,-0.045
06.510,-0.040
06.512,-0.040
06.514,-0.040
06.516,-0.045
06.518,-0.045
06.520,-0.050
06.522,-0.050
06.524,-0.045
06.526,-0.035
06.528,-0.025
06.530,-0.005
06.532,0.010
06.534,0.030
06.536,0.045
06.538,0.055
06.540,0.060
06.542,0.060
06.544,0.060
06.546,0.060
06.548,0.055
06.550,0.060
06.552,0.060
06.554,0.065
06.556,0.075
06.558,0.080
06.560,0.085
06.562,0.090
06.564,0.090
06.566,0.085
06.568,0.080
06.570,0.075
06.572,0.065
06.574,0.060
06.576,0.060
06.578,0.060
06.580,0.065
06.582,0.070
06.584,0.085
06.586,0.100
06.588,0.115
06.590,0.130
06.592,0.145
06.594,0.155
06.596,0.165
06.598,0.170
06.600,0.165
06.602,0.160
06.604,0.155
06.606,0.150
06.608,0.145
06.610,0.145
06.612,0.145
06.614,0.155
06.616,0.165
06.618,0.175
06.620,0.190
06.622,0.205
06.624,0.215
06.626,0.220
06.628,0.225
06.630,0.225
06.632,0.220
06.634,0.215
06.636,0.210
06.638,0.200
06.640,0.190
06.642,0.180
06.644,0.165
06.646,0.155
06.648,0.145
06.650,0.140
06.652,0.135
06.654,0.135
06.656,0.135
06.658,0.135
06.660,0.135
06.662,0.130
06.664,0.120
06.666,0.110
06.668,0.095
06.670,0.080
06.672,0.060
06.674,0.045
06.676,0.035
06.678,0.025
06.680,0.025
06.682,0.025
06.684,0.030
06.686,0.035
06.688,0.040
06.690,0.040
06.692,0.040
06.694,0.035
06.696,0.030
06.698,0.025
06.700,0.025
06.702,0.025
06.704,0.025
06.706,0.025
06.708,0.030
06.710,0.035
06.712,0.035
06.714,0.030
06.716,0.030
06.718,0.020
06.720,0.015
06.722,0.005
06.724,0.005
06.726,0.000
06.728,0.005
06.730,0.005
06.732,0.010
06.734,0.015
06.736,0.020
06.738,0.020
06.740,0.015
06.742,0.010
06.744,0.000
06.746,-0.010
06.748,-0.015
06.750,-0.020
06.752,-0.020
06.754,-0.015
06.756,-0.010
06.758,0.000
06.760,0.005
06.762,0.015
06.764,0.020
06.766,0.020
06.768,0.015
06.770,0.005
06.772,0.000
06.774,-0.010
06.776,-0.020
06.778,-0.025
06.780,-0.025
06.782,-0.025
06.784,-0.025
06.786,-0.020
06.788,-0.020
06.790,-0.015
06.792,-0.015
06.794,-0.010
06.796,-0.010
06.798,-0.010
06.800,-0.005
06.802,-0.005
06.804,0.000
06.806,0.000
06.808,0.000
06.810,-0.005
06.812,-0.015
06.814,-0.020
06.816,-0.030
06.818,-0.035
06.820,-0.035
06.822,-0.030
06.824,-0.025
06.826,-0.010
06.828,0.005
06.830,0.020
06.832,0.025
06.834,0.030
06.836,0.020
06.838,0.005
06.840,-0.015
06.842,-0.040
06.844,-0.060
06.846,-0.075
06.848,-0.075
06.850,-0.070
06.852,-0.050
06.854,-0.030
06.856,-0.005
06.858,0.020
06.860,0.035
06.862,0.040
06.864,0.040
06.866,0.030
06.868,0.020
06.870,0.005
06.872,0.000
06.874,-0.005
06.876,0.000
06.878,0.005
06.880,0.010
06.882,0.020
06.884,0.020
06.886,0.020
06.888,0.015
06.890,0.010
06.892,0.005
06.894,0.000
06.896,-0.005
06.898,-0.005
06.900,-0.005
06.902,-0.005
06.904,-0.005
06.906,-0.005
06.908,-0.005
06.910,-0.010
06.912,-0.010
06.914,-0.015
06.916,-0.010
06.918,-0.010
06.920,-0.005
06.922,0.005
06.924,0.010
06.926,0.020
06.928,0.025
06.930,0.030
06.932,0.030
06.934,0.030
06.936,0.030
06.938,0.025
06.940,0.015
06.942,0.005
06.944,-0.005
06.946,-0.010
06.948,-0.015
06.950,-0.015
06.952,-0.010
06.954,0.000
06.956,0.010
06.958,0.020
06.960,0.030
06.962,0.035
06.964,0.035
06.966,0.030
06.968,0.025
06.970,0.015
06.972,0.005
06.974,0.000
06.976,0.000
06.978,0.005
06.980,0.015
06.982,0.025
06.984,0.030
06.986,0.035
06.988,0.030
06.990,0.025
06.992,0.015
06.994,0.000
06.996,-0.005
06.998,-0.010
07.000,-0.010
07.002,0.000
07.004,0.010
07.006,0.025
07.008,0.035
07.010,0.040
07.012,0.035
07.014,0.020
07.016,0.005
07.018,-0.015
07.020,-0.035
07.022,-0.045
07.024,-0.050
07.026,-0.050
07.028,-0.035
07.030,-0.020
07.032,-0.005
07.034,0.010
07.036,0.015
07.038,0.015
07.040,0.010
07.042,0.000
07.044,-0.010
07.046,-0.015
07.048,-0.020
07.050,-0.015
07.052,-0.005
07.054,0.005
07.056,0.015
07.058,0.025
07.060,0.030
07.062,0.030
07.064,0.025
07.066,0.015
07.068,0.005
07.070,0.000
07.072,-0.005
07.074,-0.010
07.076,-0.010
07.078,-0.010
07.080,-0.010
07.082,-0.005
07.084,-0.010
07.086,-0.010
07.088,-0.010
07.090,-0.010
07.092,-0.010
07.094,-0.010
07.096,-0.005
07.098,0.000
07.100,0.000
07.102,0.000
07.104,-0.005
07.106,-0.010
07.108,-0.020
07.110,-0.030
07.112,-0.035
07.114,-0.040
07.116,-0.040
07.118,-0.035
07.120,-0.025
07.122,-0.010
07.124,0.005
07.126,0.015
07.128,0.025
07.130,0.030
07.132,0.030
07.134,0.025
07.136,0.020
07.138,0.010
07.140,0.005
07.142,0.000
07.144,-0.005
07.146,-0.005
07.148,-0.005
07.150,-0.005
07.152,0.000
07.154,0.000
07.156,0.000
07.158,0.000
07.160,0.000
07.162,0.000
07.164,0.005
07.166,0.005
07.168,0.005
07.170,0.005
07.172,0.005
07.174,0.005
07.176,0.000
07.178,0.000
07.180,0.000
07.182,0.000
07.184,0.000
07.186,0.005
07.188,0.010
07.190,0.010
07.192,0.010
07.194,0.010
07.196,0.010
07.198,0.005
07.200,0.005
07.202,0.010
07.204,0.015
07.206,0.025
07.208,0.035
07.210,0.050
07.212,0.060
07.214,0.070
07.216,0.070
07.218,0.075
07.220,0.070
07.222,0.065
07.224,0.060
07.226,0.055
07.228,0.050
07.230,0.045
07.232,0.040
07.234,0.035
07.236,0.025
07.238,0.020
07.240,0.015
07.242,0.010
07.244,0.010
07.246,0.005
07.248,0.005
07.250,0.005
07.252,0.005
07.254,0.005
07.256,0.005
07.258,0.005
07.260,0.005
07.262,0.005
07.264,0.010
07.266,0.010
07.268,0.015
07.270,0.020
07.272,0.020
07.274,0.020
07.276,0.015
07.278,0.010
07.280,0.005
07.282,-0.005
07.284,-0.005
07.286,-0.005
07.288,-0.005
07.290,0.005
07.292,0.015
07.294,0.025
07.296,0.030
07.298,0.035
07.300,0.035
07.302,0.030
07.304,0.020
07.306,0.010
07.308,0.000
07.310,-0.005
07.312,-0.005
07.314,0.000
07.316,0.010
07.318,0.025
07.320,0.045
07.322,0.065
07.324,0.090
07.326,0.110
07.328,0.125
07.330,0.135
07.332,0.140
07.334,0.140
07.336,0.135
07.338,0.125
07.340,0.115
07.342,0.110
07.344,0.100
07.346,0.090
07.348,0.085
07.350,0.075
07.352,0.060
07.354,0.045
07.356,0.025
07.358,0.000
07.360,-0.030
07.362,-0.060
07.364,-0.085
07.366,-0.100
07.368,-0.110
07.370,-0.105
07.372,-0.090
07.374,-0.060
07.376,-0.025
07.378,0.010
07.380,0.040
07.382,0.065
07.384,0.075
07.386,0.075
07.388,0.060
07.390,0.040
07.392,0.020
07.394,0.000
07.396,-0.015
07.398,-0.015
07.400,-0.010
07.402,0.010
07.404,0.030
07.406,0.050
07.408,0.070
07.410,0.080
07.412,0.080
07.414,0.075
07.416,0.065
07.418,0.050
07.420,0.035
07.422,0.020
07.424,0.010
07.426,0.005
07.428,0.000
07.430,0.000
07.432,0.005
07.434,0.005
07.436,0.010
07.438,0.015
07.440,0.020
07.442,0.030
07.444,0.040
07.446,0.055
07.448,0.065
07.450,0.075
07.452,0.080
07.454,0.080
07.456,0.075
07.458,0.065
07.460,0.050
07.462,0.035
07.464,0.025
07.466,0.020
07.468,0.020
07.470,0.030
07.472,0.035
07.474,0.045
07.476,0.055
07.478,0.060
07.480,0.060
07.482,0.060
07.484,0.055
07.486,0.055
07.488,0.055
07.490,0.060
07.492,0.065
07.494,0.075
07.496,0.080
07.498,0.085
07.500,0.085
07.502,0.080
07.504,0.075
07.506,0.065
07.508,0.055
07.510,0.055
07.512,0.055
07.514,0.060
07.516,0.075
07.518,0.085
07.520,0.100
07.522,0.110
07.524,0.110
07.526,0.110
07.528,0.100
07.530,0.090
07.532,0.080
07.534,0.070
07.536,0.070
07.538,0.075
07.540,0.090
07.542,0.105
07.544,0.125
07.546,0.140
07.548,0.150
07.550,0.155
07.552,0.155
07.554,0.155
07.556,0.145
07.558,0.140
07.560,0.140
07.562,0.140
07.564,0.145
07.566,0.150
07.568,0.155
07.570,0.165
07.572,0.170
07.574,0.170
07.576,0.170
07.578,0.165
07.580,0.160
07.582,0.150
07.584,0.140
07.586,0.135
07.588,0.125
07.590,0.120
07.592,0.115
07.594,0.110
07.596,0.105
07.598,0.100
07.600,0.095
07.602,0.095
07.604,0.090
07.606,0.085
07.608,0.080
07.610,0.075
07.612,0.070
07.614,0.060
07.616,0.055
07.618,0.045
07.620,0.035
07.622,0.020
07.624,0.010
07.626,0.005
07.628,-0.005
07.630,-0.010
07.632,-0.010
07.634,-0.010
07.636,-0.005
07.638,0.000
07.640,0.000
07.642,0.000
07.644,-0.005
07.646,-0.010
07.648,-0.025
07.650,-0.040
07.652,-0.050
07.654,-0.065
07.656,-0.070
07.658,-0.075
07.660,-0.070
07.662,-0.060
07.664,-0.045
07.666,-0.030
07.668,-0.020
07.670,-0.010
07.672,-0.005
07.674,-0.005
07.676,-0.010
07.678,-0.020
07.680,-0.025
07.682,-0.035
07.684,-0.040
07.686,-0.045
07.688,-0.045
07.690,-0.045
07.692,-0.045
07.694,-0.045
07.696,-0.050
07.698,-0.055
07.700,-0.060
07.702,-0.060
07.704,-0.065
07.706,-0.065
07.708,-0.065
07.710,-0.060
07.712,-0.060
07.714,-0.055
07.716,-0.055
07.718,-0.055
07.720,-0.055
07.722,-0.050
07.724,-0.050
07.726,-0.045
07.728,-0.040
07.730,-0.030
07.732,-0.025
07.734,-0.020
07.736,-0.020
07.738,-0.025
07.740,-0.030
07.742,-0.035
07.744,-0.045
07.746,-0.055
07.748,-0.060
07.750,-0.065
07.752,-0.070
07.754,-0.075
07.756,-0.075
07.758,-0.075
07.760,-0.080
07.762,-0.085
07.764,-0.090
07.766,-0.095
07.768,-0.100
07.770,-0.100
07.772,-0.095
07.774,-0.090
07.776,-0.080
07.778,-0.070
07.780,-0.055
07.782,-0.045
07.784,-0.035
07.786,-0.030
07.788,-0.030
07.790,-0.030
07.792,-0.040
07.794,-0.045
07.796,-0.055
07.798,-0.065
07.800,-0.075
07.802,-0.085
07.804,-0.095
07.806,-0.100
07.808,-0.100
07.810,-0.100
07.812,-0.090
07.814,-0.080
07.816,-0.065
07.818,-0.050
07.820,-0.030
07.822,-0.020
07.824,-0.010
07.826,-0.005
07.828,-0.005
07.830,-0.010
07.832,-0.015
07.834,-0.025
07.836,-0.035
07.838,-0.040
07.840,-0.050
07.842,-0.060
07.844,-0.065
07.846,-0.070
07.848,-0.080
07.850,-0.085
07.852,-0.085
07.854,-0.085
07.856,-0.080
07.858,-0.075
07.860,-0.065
07.862,-0.055
07.864,-0.050
07.866,-0.045
07.868,-0.045
07.870,-0.050
07.872,-0.055
07.874,-0.060
07.876,-0.070
07.878,-0.070
07.880,-0.075
07.882,-0.075
07.884,-0.075
07.886,-0.080
07.888,-0.085
07.890,-0.090
07.892,-0.100
07.894,-0.110
07.896,-0.115
07.898,-0.115
07.900,-0.110
07.902,-0.100
07.904,-0.090
07.906,-0.075
07.908,-0.065
07.910,-0.055
07.912,-0.055
07.914,-0.060
07.916,-0.070
07.918,-0.085
07.920,-0.095
07.922,-0.105
07.924,-0.105
07.926,-0.105
07.928,-0.100
07.930,-0.090
07.932,-0.085
07.934,-0.080
07.936,-0.085
07.938,-0.090
07.940,-0.100
07.942,-0.110
07.944,-0.120
07.946,-0.120
07.948,-0.120
07.950,-0.115
07.952,-0.110
07.954,-0.100
07.956,-0.090
07.958,-0.085
07.960,-0.080
07.962,-0.085
07.964,-0.090
07.966,-0.100
07.968,-0.110
07.970,-0.115
07.972,-0.125
07.974,-0.130
07.976,-0.130
07.978,-0.130
07.980,-0.130
07.982,-0.125
07.984,-0.115
07.986,-0.105
07.988,-0.095
07.990,-0.080
07.992,-0.065
07.994,-0.050
07.996,-0.040
07.998,-0.035
08.000,-0.035
08.002,-0.045
08.004,-0.060
08.006,-0.085
08.008,-0.105
08.010,-0.125
08.012,-0.140
08.014,-0.145
08.016,-0.140
08.018,-0.125
08.020,-0.110
08.022,-0.095
08.024,-0.080
08.026,-0.075
08.028,-0.075
08.030,-0.085
08.032,-0.100
08.034,-0.115
08.036,-0.130
08.038,-0.130
08.040,-0.130
08.042,-0.120
08.044,-0.105
08.046,-0.085
08.048,-0.075
08.050,-0.065
08.052,-0.060
08.054,-0.065
08.056,-0.070
08.058,-0.080
08.060,-0.085
08.062,-0.095
08.064,-0.095
08.066,-0.095
08.068,-0.095
08.070,-0.095
08.072,-0.095
08.074,-0.095
08.076,-0.095
08.078,-0.095
08.080,-0.095
08.082,-0.090
08.084,-0.090
08.086,-0.085
08.088,-0.085
08.090,-0.085
08.092,-0.090
08.094,-0.090
08.096,-0.090
08.098,-0.090
08.100,-0.080
08.102,-0.070
08.104,-0.055
08.106,-0.045
08.108,-0.035
08.110,-0.030
08.112,-0.035
08.114,-0.050
08.116,-0.065
08.118,-0.090
08.120,-0.110
08.122,-0.125
08.124,-0.140
08.126,-0.145
08.128,-0.140
08.130,-0.135
08.132,-0.130
08.134,-0.120
08.136,-0.115
08.138,-0.115
08.140,-0.110
08.142,-0.105
08.144,-0.100
08.146,-0.095
08.148,-0.090
08.150,-0.080
08.152,-0.075
08.154,-0.075
08.156,-0.080
08.158,-0.085
08.160,-0.100
08.162,-0.110
08.164,-0.120
08.166,-0.120
08.168,-0.115
08.170,-0.105
08.172,-0.090
08.174,-0.070
08.176,-0.055
08.178,-0.045
08.180,-0.040
08.182,-0.045
08.184,-0.060
08.186,-0.075
08.188,-0.090
08.190,-0.100
08.192,-0.110
08.194,-0.110
08.196,-0.100
08.198,-0.090
08.200,-0.070
08.202,-0.055
08.204,-0.040
08.206,-0.030
08.208,-0.020
08.210,-0.015
08.212,-0.005
08.214,0.005
08.216,0.015
08.218,0.030
08.220,0.045
08.222,0.060
08.224,0.070
08.226,0.070
08.228,0.070
08.230,0.060
08.232,0.045
08.234,0.025
08.236,0.000
08.238,-0.020
08.240,-0.040
08.242,-0.060
08.244,-0.075
08.246,-0.090
08.248,-0.105
08.250,-0.120
08.252,-0.130
08.254,-0.135
08.256,-0.140
08.258,-0.130
08.260,-0.120
08.262,-0.100
08.264,-0.075
08.266,-0.050
08.268,-0.025
08.270,-0.010
08.272,0.000
08.274,0.000
08.276,-0.005
08.278,-0.015
08.280,-0.030
08.282,-0.035
08.284,-0.040
08.286,-0.040
08.288,-0.035
08.290,-0.025
08.292,-0.015
08.294,-0.005
08.296,-0.005
08.298,0.000
08.300,-0.005
08.302,-0.010
08.304,-0.015
08.306,-0.015
08.308,-0.015
08.310,-0.010
08.312,-0.005
08.314,0.005
08.316,0.010
08.318,0.015
08.320,0.015
08.322,0.015
08.324,0.015
08.326,0.010
08.328,0.005
08.330,0.005
08.332,0.000
08.334,0.005
08.336,0.005
08.338,0.005
08.340,0.005
08.342,0.005
08.344,0.005
08.346,0.000
08.348,0.000
08.350,-0.005
08.352,0.000
08.354,0.005
08.356,0.010
08.358,0.020
08.360,0.025
08.362,0.035
08.364,0.035
08.366,0.035
08.368,0.030
08.370,0.025
08.372,0.015
08.374,0.010
08.376,0.005
08.378,0.005
08.380,0.015
08.382,0.025
08.384,0.035
08.386,0.050
08.388,0.060
08.390,0.075
08.392,0.080
08.394,0.085
08.396,0.085
08.398,0.085
08.400,0.080
08.402,0.080
08.404,0.080
08.406,0.080
08.408,0.080
08.410,0.085
08.412,0.090
08.414,0.095
08.416,0.105
08.418,0.115
08.420,0.120
08.422,0.130
08.424,0.135
08.426,0.145
08.428,0.150
08.430,0.160
08.432,0.165
08.434,0.170
08.436,0.175
08.438,0.175
08.440,0.180
08.442,0.180
08.444,0.185
08.446,0.190
08.448,0.195
08.450,0.205
08.452,0.215
08.454,0.225
08.456,0.235
08.458,0.245
08.460,0.250
08.462,0.255
08.464,0.255
08.466,0.255
08.468,0.250
08.470,0.245
08.472,0.245
08.474,0.240
08.476,0.235
08.478,0.235
08.480,0.230
08.482,0.225
08.484,0.215
08.486,0.210
08.488,0.205
08.490,0.195
08.492,0.195
08.494,0.190
08.496,0.190
08.498,0.185
08.500,0.185
08.502,0.175
08.504,0.165
08.506,0.155
08.508,0.135
08.510,0.120
08.512,0.105
08.514,0.095
08.516,0.090
08.518,0.085
08.520,0.085
08.522,0.090
08.524,0.095
08.526,0.095
08.528,0.095
08.530,0.095
08.532,0.090
08.534,0.085
08.536,0.085
08.538,0.085
08.540,0.085
08.542,0.090
08.544,0.095
08.546,0.095
08.548,0.095
08.550,0.095
08.552,0.095
08.554,0.090
08.556,0.085
08.558,0.080
08.560,0.080
08.562,0.085
08.564,0.090
08.566,0.090
08.568,0.095
08.570,0.095
08.572,0.095
08.574,0.085
08.576,0.075
08.578,0.065
08.580,0.055
08.582,0.050
08.584,0.050
08.586,0.055
08.588,0.065
08.590,0.080
08.592,0.090
08.594,0.100
08.596,0.105
08.598,0.105
08.600,0.095
08.602,0.080
08.604,0.065
08.606,0.045
08.608,0.030
08.610,0.025
08.612,0.020
08.614,0.025
08.616,0.030
08.618,0.040
08.620,0.055
08.622,0.065
08.624,0.075
08.626,0.085
08.628,0.090
08.630,0.095
08.632,0.100
08.634,0.105
08.636,0.110
08.638,0.110
08.640,0.110
08.642,0.105
08.644,0.100
08.646,0.090
08.648,0.080
08.650,0.075
08.652,0.075
08.654,0.075
08.656,0.080
08.658,0.090
08.660,0.100
08.662,0.110
08.664,0.110
08.666,0.110
08.668,0.100
08.670,0.085
08.672,0.070
08.674,0.055
08.676,0.050
08.678,0.045
08.680,0.050
08.682,0.055
08.684,0.070
08.686,0.080
08.688,0.090
08.690,0.100
08.692,0.100
08.694,0.100
08.696,0.095
08.698,0.095
08.700,0.090
08.702,0.085
08.704,0.080
08.706,0.075
08.708,0.075
08.710,0.070
08.712,0.065
08.714,0.065
08.716,0.065
08.718,0.065
08.720,0.070
08.722,0.075
08.724,0.085
08.726,0.095
08.728,0.105
08.730,0.110
08.732,0.115
08.734,0.110
08.736,0.105
08.738,0.100
08.740,0.090
08.742,0.080
08.744,0.075
08.746,0.075
08.748,0.075
08.750,0.075
08.752,0.080
08.754,0.080
08.756,0.085
08.758,0.080
08.760,0.080
08.762,0.080
08.764,0.080
08.766,0.075
08.768,0.080
08.770,0.080
08.772,0.080
08.774,0.080
08.776,0.080
08.778,0.075
08.780,0.070
08.782,0.065
08.784,0.060
08.786,0.055
08.788,0.050
08.790,0.050
08.792,0.055
08.794,0.060
08.796,0.065
08.798,0.070
08.800,0.080
08.802,0.085
08.804,0.085
08.806,0.085
08.808,0.080
08.810,0.070
08.812,0.060
08.814,0.050
08.816,0.035
08.818,0.025
08.820,0.015
08.822,0.010
08.824,0.010
08.826,0.015
08.828,0.020
08.830,0.025
08.832,0.035
08.834,0.045
08.836,0.050
08.838,0.055
08.840,0.060
08.842,0.065
08.844,0.065
08.846,0.065
08.848,0.065
08.850,0.060
08.852,0.055
08.854,0.045
08.856,0.035
08.858,0.025
08.860,0.020
08.862,0.015
08.864,0.015
08.866,0.020
08.868,0.025
08.870,0.035
08.872,0.045
08.874,0.050
08.876,0.050
08.878,0.045
08.880,0.035
08.882,0.025
08.884,0.010
08.886,0.000
08.888,-0.010
08.890,-0.015
08.892,-0.015
08.894,-0.010
08.896,-0.005
08.898,-0.005
08.900,0.000
08.902,-0.005
08.904,-0.005
08.906,-0.010
08.908,-0.015
08.910,-0.020
08.912,-0.020
08.914,-0.020
08.916,-0.020
08.918,-0.015
08.920,-0.015
08.922,-0.020
08.924,-0.020
08.926,-0.025
08.928,-0.030
08.930,-0.030
08.932,-0.030
08.934,-0.030
08.936,-0.020
08.938,-0.015
08.940,-0.005
08.942,0.000
08.944,0.000
08.946,0.000
08.948,-0.005
08.950,-0.015
08.952,-0.030
08.954,-0.045
08.956,-0.055
08.958,-0.065
08.960,-0.070
08.962,-0.070
08.964,-0.070
08.966,-0.065
08.968,-0.060
08.970,-0.055
08.972,-0.050
08.974,-0.050
08.976,-0.055
08.978,-0.060
08.980,-0.070
08.982,-0.075
08.984,-0.085
08.986,-0.090
08.988,-0.090
08.990,-0.090
08.992,-0.085
08.994,-0.075
08.996,-0.065
08.998,-0.055
09.000,-0.050
09.002,-0.045
09.004,-0.055
09.006,-0.065
09.008,-0.085
09.010,-0.105
09.012,-0.125
09.014,-0.140
09.016,-0.150
09.018,-0.150
09.020,-0.140
09.022,-0.125
09.024,-0.110
09.026,-0.090
09.028,-0.075
09.030,-0.070
09.032,-0.065
09.034,-0.070
09.036,-0.080
09.038,-0.090
09.040,-0.105
09.042,-0.110
09.044,-0.115
09.046,-0.110
09.048,-0.105
09.050,-0.095
09.052,-0.085
09.054,-0.080
09.056,-0.070
09.058,-0.070
09.060,-0.070
09.062,-0.070
09.064,-0.070
09.066,-0.075
09.068,-0.075
09.070,-0.075
09.072,-0.075
09.074,-0.075
09.076,-0.070
09.078,-0.070
09.080,-0.070
09.082,-0.075
09.084,-0.075
09.086,-0.080
09.088,-0.085
09.090,-0.090
09.092,-0.090
09.094,-0.090
09.096,-0.090
09.098,-0.090
09.100,-0.090
09.102,-0.085
09.104,-0.085
09.106,-0.085
09.108,-0.090
09.110,-0.095
09.112,-0.100
09.114,-0.110
09.116,-0.115
09.118,-0.115
09.120,-0.115
09.122,-0.110
09.124,-0.100
09.126,-0.090
09.128,-0.085
09.130,-0.075
09.132,-0.075
09.134,-0.075
09.136,-0.075
09.138,-0.080
09.140,-0.080
09.142,-0.075
09.144,-0.070
09.146,-0.055
09.148,-0.040
09.150,-0.030
09.152,-0.015
09.154,-0.015
09.156,-0.015
09.158,-0.025
09.160,-0.045
09.162,-0.060
09.164,-0.080
09.166,-0.090
09.168,-0.095
09.170,-0.095
09.172,-0.090
09.174,-0.085
09.176,-0.085
09.178,-0.085
09.180,-0.095
09.182,-0.110
09.184,-0.130
09.186,-0.150
09.188,-0.170
09.190,-0.180
09.192,-0.180
09.194,-0.170
09.196,-0.155
09.198,-0.140
09.200,-0.125
09.202,-0.115
09.204,-0.115
09.206,-0.120
09.208,-0.130
09.210,-0.145
09.212,-0.160
09.214,-0.170
09.216,-0.175
09.218,-0.170
09.220,-0.160
09.222,-0.145
09.224,-0.130
09.226,-0.115
09.228,-0.105
09.230,-0.100
09.232,-0.095
09.234,-0.100
09.236,-0.105
09.238,-0.110
09.240,-0.115
09.242,-0.120
09.244,-0.125
09.246,-0.125
09.248,-0.130
09.250,-0.130
09.252,-0.125
09.254,-0.120
09.256,-0.110
09.258,-0.100
09.260,-0.090
09.262,-0.075
09.264,-0.065
09.266,-0.055
09.268,-0.055
09.270,-0.055
09.272,-0.060
09.274,-0.070
09.276,-0.085
09.278,-0.100
09.280,-0.120
09.282,-0.145
09.284,-0.170
09.286,-0.195
09.288,-0.215
09.290,-0.230
09.292,-0.240
09.294,-0.245
09.296,-0.240
09.298,-0.225
09.300,-0.210
09.302,-0.195
09.304,-0.180
09.306,-0.175
09.308,-0.175
09.310,-0.185
09.312,-0.190
09.314,-0.200
09.316,-0.205
09.318,-0.200
09.320,-0.185
09.322,-0.165
09.324,-0.140
09.326,-0.120
09.328,-0.100
09.330,-0.090
09.332,-0.090
09.334,-0.100
09.336,-0.120
09.338,-0.145
09.340,-0.170
09.342,-0.190
09.344,-0.200
09.346,-0.205
09.348,-0.205
09.350,-0.195
09.352,-0.185
09.354,-0.175
09.356,-0.170
09.358,-0.165
09.360,-0.170
09.362,-0.175
09.364,-0.185
09.366,-0.190
09.368,-0.195
09.370,-0.195
09.372,-0.190
09.374,-0.180
09.376,-0.170
09.378,-0.165
09.380,-0.160
09.382,-0.160
09.384,-0.160
09.386,-0.170
09.388,-0.175
09.390,-0.180
09.392,-0.180
09.394,-0.180
09.396,-0.175
09.398,-0.170
09.400,-0.165
09.402,-0.160
09.404,-0.155
09.406,-0.155
09.408,-0.155
09.410,-0.155
09.412,-0.150
09.414,-0.145
09.416,-0.140
09.418,-0.125
09.420,-0.110
09.422,-0.095
09.424,-0.085
09.426,-0.080
09.428,-0.080
09.430,-0.085
09.432,-0.100
09.434,-0.115
09.436,-0.130
09.438,-0.145
09.440,-0.150
09.442,-0.150
09.444,-0.140
09.446,-0.125
09.448,-0.105
09.450,-0.085
09.452,-0.065
09.454,-0.055
09.456,-0.055
09.458,-0.060
09.460,-0.065
09.462,-0.075
09.464,-0.085
09.466,-0.090
09.468,-0.085
09.470,-0.075
09.472,-0.060
09.474,-0.040
09.476,-0.020
09.478,0.000
09.480,0.010
09.482,0.020
09.484,0.020
09.486,0.025
09.488,0.025
09.490,0.030
09.492,0.035
09.494,0.050
09.496,0.065
09.498,0.080
09.500,0.095
09.502,0.100
09.504,0.105
09.506,0.100
09.508,0.090
09.510,0.080
09.512,0.070
09.514,0.060
09.516,0.060
09.518,0.065
09.520,0.075
09.522,0.085
09.524,0.095
09.526,0.100
09.528,0.105
09.530,0.100
09.532,0.085
09.534,0.075
09.536,0.055
09.538,0.045
09.540,0.035
09.542,0.025
09.544,0.025
09.546,0.020
09.548,0.020
09.550,0.015
09.552,0.010
09.554,0.000
09.556,-0.015
09.558,-0.030
09.560,-0.040
09.562,-0.050
09.564,-0.055
09.566,-0.050
09.568,-0.045
09.570,-0.030
09.572,-0.015
09.574,0.000
09.576,0.010
09.578,0.015
09.580,0.015
09.582,0.010
09.584,0.000
09.586,-0.015
09.588,-0.025
09.590,-0.035
09.592,-0.040
09.594,-0.040
09.596,-0.040
09.598,-0.035
09.600,-0.025
09.602,-0.025
09.604,-0.020
09.606,-0.020
09.608,-0.025
09.610,-0.030
09.612,-0.040
09.614,-0.045
09.616,-0.050
09.618,-0.050
09.620,-0.055
09.622,-0.055
09.624,-0.055
09.626,-0.050
09.628,-0.045
09.630,-0.035
09.632,-0.030
09.634,-0.015
09.636,-0.005
09.638,0.005
09.640,0.010
09.642,0.015
09.644,0.015
09.646,0.005
09.648,0.000
09.650,-0.015
09.652,-0.020
09.654,-0.030
09.656,-0.030
09.658,-0.030
09.660,-0.025
09.662,-0.015
09.664,-0.010
09.666,-0.005
09.668,0.000
09.670,0.000
09.672,0.000
09.674,-0.005
09.676,-0.005
09.678,-0.005
09.680,-0.005
09.682,-0.005
09.684,0.000
09.686,0.005
09.688,0.010
09.690,0.010
09.692,0.010
09.694,0.010
09.696,0.005
09.698,0.005
09.700,0.000
09.702,0.000
09.704,0.005
09.706,0.010
09.708,0.015
09.710,0.020
09.712,0.025
09.714,0.025
09.716,0.025
09.718,0.025
09.720,0.020
09.722,0.015
09.724,0.015
09.726,0.015
09.728,0.015
09.730,0.025
09.732,0.035
09.734,0.050
09.736,0.065
09.738,0.075
09.740,0.085
09.742,0.085
09.744,0.085
09.746,0.080
09.748,0.065
09.750,0.055
09.752,0.040
09.754,0.025
09.756,0.015
09.758,0.005
09.760,0.000
09.762,0.000
09.764,0.000
09.766,0.005
09.768,0.010
09.770,0.015
09.772,0.020
09.774,0.020
09.776,0.025
09.778,0.025
09.780,0.025
09.782,0.025
09.784,0.025
09.786,0.020
09.788,0.020
09.790,0.020
09.792,0.020
09.794,0.020
09.796,0.015
09.798,0.015
09.800,0.015
09.802,0.010
09.804,0.015
09.806,0.015
09.808,0.020
09.810,0.030
09.812,0.035
09.814,0.045
09.816,0.050
09.818,0.055
09.820,0.050
09.822,0.040
09.824,0.030
09.826,0.015
09.828,0.005
09.830,-0.005
09.832,-0.005
09.834,0.000
09.836,0.010
09.838,0.030
09.840,0.050
09.842,0.070
09.844,0.085
09.846,0.090
09.848,0.090
09.850,0.085
09.852,0.075
09.854,0.065
09.856,0.065
09.858,0.065
09.860,0.075
09.862,0.095
09.864,0.115
09.866,0.140
09.868,0.160
09.870,0.180
09.872,0.190
09.874,0.195
09.876,0.195
09.878,0.190
09.880,0.190
09.882,0.185
09.884,0.185
09.886,0.185
09.888,0.190
09.890,0.190
09.892,0.195
09.894,0.195
09.896,0.190
09.898,0.185
09.900,0.180
09.902,0.170
09.904,0.170
09.906,0.170
09.908,0.175
09.910,0.180
09.912,0.190
09.914,0.200
09.916,0.205
09.918,0.205
09.920,0.200
09.922,0.190
09.924,0.180
09.926,0.165
09.928,0.155
09.930,0.145
09.932,0.140
09.934,0.145
09.936,0.150
09.938,0.160
09.940,0.170
09.942,0.180
09.944,0.185
09.946,0.190
09.948,0.190
09.950,0.190
09.952,0.190
09.954,0.185
09.956,0.185
09.958,0.185
09.960,0.180
09.962,0.180
09.964,0.180
09.966,0.180
09.968,0.175
09.970,0.175
09.972,0.175
09.974,0.175
09.976,0.175
09.978,0.180
09.980,0.185
09.982,0.190
09.984,0.195
09.986,0.200
09.988,0.200
09.990,0.195
09.992,0.190
09.994,0.185
09.996,0.175
09.998,0.165
