time,volt
00.000,-0.115
00.002,-0.115
00.004,-0.120
00.006,-0.120
00.008,-0.120
00.010,-0.120
00.012,-0.120
00.014,-0.115
00.016,-0.115
00.018,-0.115
00.020,-0.110
00.022,-0.110
00.024,-0.110
00.026,-0.110
00.028,-0.105
00.030,-0.105
00.032,-0.105
00.034,-0.105
00.036,-0.100
00.038,-0.100
00.040,-0.100
00.042,-0.100
00.044,-0.100
00.046,-0.100
00.048,-0.100
00.050,-0.100
00.052,-0.100
00.054,-0.095
00.056,-0.095
00.058,-0.095
00.060,-0.095
00.062,-0.090
00.064,-0.090
00.066,-0.090
00.068,-0.090
00.070,-0.085
00.072,-0.085
00.074,-0.085
00.076,-0.085
00.078,-0.085
00.080,-0.080
00.082,-0.080
00.084,-0.075
00.086,-0.070
00.088,-0.070
00.090,-0.065
00.092,-0.065
00.094,-0.060
00.096,-0.060
00.098,-0.060
00.100,-0.060
00.102,-0.065
00.104,-0.065
00.106,-0.060
00.108,-0.060
00.110,-0.055
00.112,-0.050
00.114,-0.050
00.116,-0.045
00.118,-0.040
00.120,-0.035
00.122,-0.030
00.124,-0.025
00.126,-0.020
00.128,-0.010
00.130,-0.005
00.132,0.005
00.134,0.010
00.136,0.020
00.138,0.025
00.140,0.025
00.142,0.030
00.144,0.030
00.146,0.030
00.148,0.035
00.150,0.035
00.152,0.040
00.154,0.045
00.156,0.055
00.158,0.065
00.160,0.075
00.162,0.085
00.164,0.095
00.166,0.100
00.168,0.105
00.170,0.110
00.172,0.115
00.174,0.120
00.176,0.125
00.178,0.125
00.180,0.125
00.182,0.125
00.184,0.125
00.186,0.120
00.188,0.120
00.190,0.115
00.192,0.110
00.194,0.105
00.196,0.105
00.198,0.100
00.200,0.100
00.202,0.100
00.204,0.100
00.206,0.095
00.208,0.090
00.210,0.085
00.212,0.075
00.214,0.065
00.216,0.050
00.218,0.040
00.220,0.025
00.222,0.015
00.224,0.010
00.226,0.000
00.228,-0.005
00.230,-0.010
00.232,-0.015
00.234,-0.020
00.236,-0.025
00.238,-0.035
00.240,-0.045
00.242,-0.055
00.244,-0.060
00.246,-0.065
00.248,-0.065
00.250,-0.060
00.252,-0.050
00.254,-0.035
00.256,-0.015
00.258,0.000
00.260,0.015
00.262,0.025
00.264,0.030
00.266,0.035
00.268,0.035
00.270,0.030
00.272,0.025
00.274,0.025
00.276,0.025
00.278,0.025
00.280,0.030
00.282,0.030
00.284,0.035
00.286,0.040
00.288,0.045
00.290,0.050
00.292,0.050
00.294,0.050
00.296,0.050
00.298,0.055
00.300,0.055
00.302,0.060
00.304,0.060
00.306,0.065
00.308,0.065
00.310,0.070
00.312,0.070
00.314,0.070
00.316,0.070
00.318,0.070
00.320,0.065
00.322,0.065
00.324,0.065
00.326,0.060
00.328,0.060
00.330,0.060
00.332,0.065
00.334,0.065
00.336,0.070
00.338,0.070
00.340,0.070
00.342,0.075
00.344,0.075
00.346,0.075
00.348,0.075
00.350,0.070
00.352,0.070
00.354,0.070
00.356,0.070
00.358,0.065
00.360,0.065
00.362,0.065
00.364,0.065
00.366,0.065
00.368,0.065
00.370,0.060
00.372,0.060
00.374,0.060
00.376,0.065
00.378,0.065
00.380,0.065
00.382,0.070
00.384,0.070
00.386,0.075
00.388,0.075
00.390,0.075
00.392,0.075
00.394,0.070
00.396,0.070
00.398,0.065
00.400,0.065
00.402,0.060
00.404,0.055
00.406,0.055
00.408,0.055
00.410,0.050
00.412,0.050
00.414,0.050
00.416,0.050
00.418,0.050
00.420,0.045
00.422,0.045
00.424,0.045
00.426,0.040
00.428,0.035
00.430,0.035
00.432,0.030
00.434,0.030
00.436,0.025
00.438,0.025
00.440,0.030
00.442,0.030
00.444,0.035
00.446,0.040
00.448,0.045
00.450,0.045
00.452,0.045
00.454,0.045
00.456,0.045
00.458,0.045
00.460,0.045
00.462,0.045
00.464,0.050
00.466,0.050
00.468,0.050
00.470,0.050
00.472,0.045
00.474,0.040
00.476,0.035
00.478,0.030
00.480,0.020
00.482,0.020
00.484,0.020
00.486,0.020
00.488,0.025
00.490,0.035
00.492,0.040
00.494,0.040
00.496,0.045
00.498,0.045
00.500,0.040
00.502,0.035
00.504,0.030
00.506,0.025
00.508,0.025
00.510,0.030
00.512,0.030
00.514,0.035
00.516,0.045
00.518,0.050
00.520,0.055
00.522,0.060
00.524,0.060
00.526,0.060
00.528,0.065
00.530,0.060
00.532,0.060
00.534,0.060
00.536,0.055
00.538,0.055
00.540,0.050
00.542,0.045
00.544,0.045
00.546,0.040
00.548,0.045
00.550,0.050
00.552,0.055
00.554,0.060
00.556,0.070
00.558,0.075
00.560,0.080
00.562,0.085
00.564,0.080
00.566,0.075
00.568,0.070
00.570,0.065
00.572,0.055
00.574,0.050
00.576,0.045
00.578,0.040
00.580,0.040
00.582,0.035
00.584,0.030
00.586,0.020
00.588,0.015
00.590,0.010
00.592,0.010
00.594,0.005
00.596,0.005
00.598,0.010
00.600,0.015
00.602,0.015
00.604,0.020
00.606,0.020
00.608,0.020
00.610,0.020
00.612,0.020
00.614,0.015
00.616,0.015
00.618,0.015
00.620,0.010
00.622,0.010
00.624,0.005
00.626,0.005
00.628,0.000
00.630,-0.005
00.632,-0.010
00.634,-0.010
00.636,-0.010
00.638,-0.010
00.640,-0.010
00.642,-0.010
00.644,-0.010
00.646,-0.010
00.648,-0.015
00.650,-0.015
00.652,-0.020
00.654,-0.025
00.656,-0.030
00.658,-0.030
00.660,-0.030
00.662,-0.030
00.664,-0.030
00.666,-0.025
00.668,-0.025
00.670,-0.030
00.672,-0.035
00.674,-0.040
00.676,-0.045
00.678,-0.045
00.680,-0.035
00.682,-0.015
00.684,0.025
00.686,0.075
00.688,0.140
00.690,0.220
00.692,0.305
00.694,0.390
00.696,0.470
00.698,0.535
00.700,0.590
00.702,0.620
00.704,0.625
00.706,0.600
00.708,0.555
00.710,0.485
00.712,0.395
00.714,0.295
00.716,0.190
00.718,0.090
00.720,0.000
00.722,-0.070
00.724,-0.120
00.726,-0.145
00.728,-0.150
00.730,-0.140
00.732,-0.115
00.734,-0.090
00.736,-0.060
00.738,-0.040
00.740,-0.025
00.742,-0.015
00.744,-0.015
00.746,-0.020
00.748,-0.025
00.750,-0.035
00.752,-0.035
00.754,-0.040
00.756,-0.040
00.758,-0.040
00.760,-0.040
00.762,-0.035
00.764,-0.035
00.766,-0.035
00.768,-0.040
00.770,-0.040
00.772,-0.040
00.774,-0.045
00.776,-0.045
00.778,-0.045
00.780,-0.045
00.782,-0.045
00.784,-0.045
00.786,-0.040
00.788,-0.040
00.790,-0.035
00.792,-0.030
00.794,-0.030
00.796,-0.025
00.798,-0.025
00.800,-0.025
00.802,-0.025
00.804,-0.025
00.806,-0.025
00.808,-0.025
00.810,-0.025
00.812,-0.030
00.814,-0.030
00.816,-0.030
00.818,-0.030
00.820,-0.025
00.822,-0.025
00.824,-0.020
00.826,-0.020
00.828,-0.015
00.830,-0.010
00.832,-0.010
00.834,-0.010
00.836,-0.010
00.838,-0.010
00.840,-0.010
00.842,-0.010
00.844,-0.010
00.846,-0.010
00.848,-0.005
00.850,0.000
00.852,0.005
00.854,0.010
00.856,0.015
00.858,0.020
00.860,0.025
00.862,0.025
00.864,0.030
00.866,0.030
00.868,0.035
00.870,0.040
00.872,0.045
00.874,0.050
00.876,0.055
00.878,0.065
00.880,0.070
00.882,0.070
00.884,0.075
00.886,0.075
00.888,0.075
00.890,0.075
00.892,0.075
00.894,0.080
00.896,0.085
00.898,0.090
00.900,0.095
00.902,0.105
00.904,0.115
00.906,0.120
00.908,0.130
00.910,0.135
00.912,0.140
00.914,0.140
00.916,0.145
00.918,0.145
00.920,0.145
00.922,0.145
00.924,0.145
00.926,0.150
00.928,0.150
00.930,0.155
00.932,0.160
00.934,0.165
00.936,0.170
00.938,0.175
00.940,0.175
00.942,0.170
00.944,0.165
00.946,0.155
00.948,0.140
00.950,0.130
00.952,0.120
00.954,0.115
00.956,0.110
00.958,0.105
00.960,0.100
00.962,0.095
00.964,0.085
00.966,0.075
00.968,0.060
00.970,0.045
00.972,0.030
00.974,0.015
00.976,0.005
00.978,-0.005
00.980,-0.005
00.982,-0.005
00.984,-0.005
00.986,-0.005
00.988,-0.005
00.990,-0.010
00.992,-0.015
00.994,-0.025
00.996,-0.035
00.998,-0.040
01.000,-0.045
01.002,-0.050
01.004,-0.050
01.006,-0.050
01.008,-0.045
01.010,-0.050
01.012,-0.050
01.014,-0.055
01.016,-0.060
01.018,-0.070
01.020,-0.075
01.022,-0.075
01.024,-0.080
01.026,-0.080
01.028,-0.075
01.030,-0.070
01.032,-0.065
01.034,-0.060
01.036,-0.060
01.038,-0.055
01.040,-0.055
01.042,-0.055
01.044,-0.055
01.046,-0.055
01.048,-0.055
01.050,-0.055
01.052,-0.055
01.054,-0.055
01.056,-0.060
01.058,-0.060
01.060,-0.065
01.062,-0.065
01.064,-0.065
01.066,-0.065
01.068,-0.060
01.070,-0.060
01.072,-0.055
01.074,-0.055
01.076,-0.055
01.078,-0.050
01.080,-0.055
01.082,-0.055
01.084,-0.055
01.086,-0.060
01.088,-0.060
01.090,-0.060
01.092,-0.060
01.094,-0.060
01.096,-0.060
01.098,-0.065
01.100,-0.065
01.102,-0.065
01.104,-0.070
01.106,-0.070
01.108,-0.070
01.110,-0.070
01.112,-0.065
01.114,-0.065
01.116,-0.060
01.118,-0.055
01.120,-0.055
01.122,-0.050
01.124,-0.055
01.126,-0.055
01.128,-0.055
01.130,-0.060
01.132,-0.060
01.134,-0.060
01.136,-0.060
01.138,-0.055
01.140,-0.055
01.142,-0.050
01.144,-0.045
01.146,-0.040
01.148,-0.040
01.150,-0.035
01.152,-0.035
01.154,-0.035
01.156,-0.035
01.158,-0.035
01.160,-0.035
01.162,-0.035
01.164,-0.035
01.166,-0.035
01.168,-0.030
01.170,-0.030
01.172,-0.030
01.174,-0.035
01.176,-0.035
01.178,-0.035
01.180,-0.040
01.182,-0.045
01.184,-0.045
01.186,-0.050
01.188,-0.050
01.190,-0.050
01.192,-0.050
01.194,-0.050
01.196,-0.050
01.198,-0.050
01.200,-0.050
01.202,-0.050
01.204,-0.055
01.206,-0.055
01.208,-0.060
01.210,-0.060
01.212,-0.065
01.214,-0.065
01.216,-0.065
01.218,-0.060
01.220,-0.060
01.222,-0.060
01.224,-0.060
01.226,-0.060
01.228,-0.060
01.230,-0.060
01.232,-0.060
01.234,-0.060
01.236,-0.060
01.238,-0.060
01.240,-0.060
01.242,-0.055
01.244,-0.050
01.246,-0.050
01.248,-0.045
01.250,-0.045
01.252,-0.040
01.254,-0.040
01.256,-0.040
01.258,-0.035
01.260,-0.035
01.262,-0.030
01.264,-0.030
01.266,-0.025
01.268,-0.025
01.270,-0.020
01.272,-0.020
01.274,-0.020
01.276,-0.020
01.278,-0.020
01.280,-0.020
01.282,-0.020
01.284,-0.025
01.286,-0.025
01.288,-0.030
01.290,-0.030
01.292,-0.035
01.294,-0.035
01.296,-0.035
01.298,-0.030
01.300,-0.030
01.302,-0.025
01.304,-0.015
01.306,-0.010
01.308,-0.005
01.310,0.000
01.312,0.000
01.314,0.000
01.316,0.000
01.318,-0.005
01.320,-0.010
01.322,-0.015
01.324,-0.020
01.326,-0.025
01.328,-0.030
01.330,-0.035
01.332,-0.040
01.334,-0.045
01.336,-0.055
01.338,-0.060
01.340,-0.070
01.342,-0.075
01.344,-0.080
01.346,-0.080
01.348,-0.080
01.350,-0.080
01.352,-0.075
01.354,-0.075
01.356,-0.075
01.358,-0.075
01.360,-0.075
01.362,-0.075
01.364,-0.075
01.366,-0.075
01.368,-0.075
01.370,-0.075
01.372,-0.075
01.374,-0.075
01.376,-0.080
01.378,-0.080
01.380,-0.085
01.382,-0.090
01.384,-0.095
01.386,-0.095
01.388,-0.095
01.390,-0.095
01.392,-0.090
01.394,-0.085
01.396,-0.085
01.398,-0.085
01.400,-0.085
01.402,-0.090
01.404,-0.095
01.406,-0.100
01.408,-0.105
01.410,-0.105
01.412,-0.105
01.414,-0.105
01.416,-0.105
01.418,-0.105
01.420,-0.110
01.422,-0.115
01.424,-0.125
01.426,-0.130
01.428,-0.130
01.430,-0.120
01.432,-0.095
01.434,-0.055
01.436,-0.005
01.438,0.060
01.440,0.140
01.442,0.225
01.444,0.310
01.446,0.395
01.448,0.470
01.450,0.530
01.452,0.575
01.454,0.595
01.456,0.590
01.458,0.555
01.460,0.495
01.462,0.410
01.464,0.310
01.466,0.200
01.468,0.085
01.470,-0.015
01.472,-0.095
01.474,-0.150
01.476,-0.180
01.478,-0.185
01.480,-0.170
01.482,-0.140
01.484,-0.110
01.486,-0.080
01.488,-0.060
01.490,-0.055
01.492,-0.055
01.494,-0.065
01.496,-0.075
01.498,-0.085
01.500,-0.095
01.502,-0.100
01.504,-0.100
01.506,-0.095
01.508,-0.090
01.510,-0.085
01.512,-0.085
01.514,-0.080
01.516,-0.080
01.518,-0.080
01.520,-0.080
01.522,-0.080
01.524,-0.080
01.526,-0.075
01.528,-0.070
01.530,-0.070
01.532,-0.065
01.534,-0.065
01.536,-0.065
01.538,-0.070
01.540,-0.070
01.542,-0.070
01.544,-0.065
01.546,-0.065
01.548,-0.060
01.550,-0.055
01.552,-0.050
01.554,-0.045
01.556,-0.045
01.558,-0.040
01.560,-0.040
01.562,-0.035
01.564,-0.035
01.566,-0.030
01.568,-0.025
01.570,-0.025
01.572,-0.020
01.574,-0.015
01.576,-0.015
01.578,-0.015
01.580,-0.015
01.582,-0.020
01.584,-0.020
01.586,-0.020
01.588,-0.020
01.590,-0.020
01.592,-0.015
01.594,-0.010
01.596,-0.005
01.598,0.005
01.600,0.010
01.602,0.015
01.604,0.020
01.606,0.020
01.608,0.020
01.610,0.020
01.612,0.020
01.614,0.015
01.616,0.015
01.618,0.010
01.620,0.010
01.622,0.015
01.624,0.020
01.626,0.025
01.628,0.035
01.630,0.045
01.632,0.060
01.634,0.070
01.636,0.075
01.638,0.085
01.640,0.090
01.642,0.095
01.644,0.100
01.646,0.105
01.648,0.110
01.650,0.115
01.652,0.125
01.654,0.130
01.656,0.140
01.658,0.145
01.660,0.155
01.662,0.160
01.664,0.160
01.666,0.165
01.668,0.165
01.670,0.165
01.672,0.170
01.674,0.175
01.676,0.175
01.678,0.175
01.680,0.175
01.682,0.175
01.684,0.170
01.686,0.165
01.688,0.155
01.690,0.150
01.692,0.145
01.694,0.140
01.696,0.140
01.698,0.140
01.700,0.140
01.702,0.140
01.704,0.135
01.706,0.130
01.708,0.120
01.710,0.110
01.712,0.090
01.714,0.075
01.716,0.060
01.718,0.045
01.720,0.035
01.722,0.030
01.724,0.030
01.726,0.025
01.728,0.025
01.730,0.020
01.732,0.020
01.734,0.010
01.736,0.000
01.738,-0.010
01.740,-0.020
01.742,-0.030
01.744,-0.035
01.746,-0.040
01.748,-0.045
01.750,-0.045
01.752,-0.045
01.754,-0.045
01.756,-0.050
01.758,-0.050
01.760,-0.055
01.762,-0.060
01.764,-0.060
01.766,-0.065
01.768,-0.065
01.770,-0.070
01.772,-0.070
01.774,-0.065
01.776,-0.065
01.778,-0.060
01.780,-0.060
01.782,-0.060
01.784,-0.055
01.786,-0.055
01.788,-0.060
01.790,-0.060
01.792,-0.060
01.794,-0.060
01.796,-0.060
01.798,-0.060
01.800,-0.065
01.802,-0.065
01.804,-0.065
01.806,-0.065
01.808,-0.065
01.810,-0.070
01.812,-0.070
01.814,-0.070
01.816,-0.075
01.818,-0.075
01.820,-0.080
01.822,-0.085
01.824,-0.090
01.826,-0.090
01.828,-0.095
01.830,-0.095
01.832,-0.095
01.834,-0.090
01.836,-0.085
01.838,-0.080
01.840,-0.075
01.842,-0.070
01.844,-0.065
01.846,-0.065
01.848,-0.065
01.850,-0.065
01.852,-0.065
01.854,-0.070
01.856,-0.070
01.858,-0.070
01.860,-0.065
01.862,-0.065
01.864,-0.060
01.866,-0.060
01.868,-0.055
01.870,-0.055
01.872,-0.060
01.874,-0.060
01.876,-0.065
01.878,-0.065
01.880,-0.070
01.882,-0.070
01.884,-0.075
01.886,-0.075
01.888,-0.075
01.890,-0.075
01.892,-0.075
01.894,-0.075
01.896,-0.075
01.898,-0.075
01.900,-0.075
01.902,-0.080
01.904,-0.080
01.906,-0.080
01.908,-0.080
01.910,-0.080
01.912,-0.080
01.914,-0.080
01.916,-0.080
01.918,-0.080
01.920,-0.080
01.922,-0.080
01.924,-0.080
01.926,-0.085
01.928,-0.085
01.930,-0.085
01.932,-0.085
01.934,-0.090
01.936,-0.090
01.938,-0.095
01.940,-0.095
01.942,-0.100
01.944,-0.100
01.946,-0.100
01.948,-0.100
01.950,-0.100
01.952,-0.100
01.954,-0.100
01.956,-0.100
01.958,-0.100
01.960,-0.100
01.962,-0.105
01.964,-0.105
01.966,-0.110
01.968,-0.110
01.970,-0.110
01.972,-0.115
01.974,-0.115
01.976,-0.115
01.978,-0.115
01.980,-0.115
01.982,-0.115
01.984,-0.115
01.986,-0.115
01.988,-0.115
01.990,-0.110
01.992,-0.110
01.994,-0.110
01.996,-0.105
01.998,-0.105
02.000,-0.105
02.002,-0.110
02.004,-0.110
02.006,-0.115
02.008,-0.120
02.010,-0.120
02.012,-0.125
02.014,-0.120
02.016,-0.120
02.018,-0.110
02.020,-0.105
02.022,-0.100
02.024,-0.095
02.026,-0.090
02.028,-0.095
02.030,-0.100
02.032,-0.105
02.034,-0.110
02.036,-0.115
02.038,-0.120
02.040,-0.120
02.042,-0.120
02.044,-0.120
02.046,-0.115
02.048,-0.115
02.050,-0.115
02.052,-0.115
02.054,-0.110
02.056,-0.110
02.058,-0.105
02.060,-0.095
02.062,-0.085
02.064,-0.070
02.066,-0.055
02.068,-0.040
02.070,-0.025
02.072,-0.010
02.074,0.000
02.076,0.005
02.078,0.010
02.080,0.015
02.082,0.015
02.084,0.015
02.086,0.015
02.088,0.020
02.090,0.020
02.092,0.025
02.094,0.030
02.096,0.040
02.098,0.045
02.100,0.050
02.102,0.060
02.104,0.065
02.106,0.070
02.108,0.075
02.110,0.080
02.112,0.080
02.114,0.080
02.116,0.085
02.118,0.085
02.120,0.085
02.122,0.085
02.124,0.080
02.126,0.080
02.128,0.080
02.130,0.075
02.132,0.075
02.134,0.070
02.136,0.065
02.138,0.065
02.140,0.060
02.142,0.055
02.144,0.055
02.146,0.050
02.148,0.045
02.150,0.040
02.152,0.040
02.154,0.035
02.156,0.030
02.158,0.030
02.160,0.030
02.162,0.030
02.164,0.030
02.166,0.035
02.168,0.035
02.170,0.035
02.172,0.035
02.174,0.030
02.176,0.025
02.178,0.020
02.180,0.015
02.182,0.010
02.184,0.005
02.186,0.000
02.188,-0.005
02.190,-0.005
02.192,-0.005
02.194,-0.005
02.196,-0.005
02.198,0.000
02.200,0.000
02.202,0.005
02.204,0.005
02.206,0.010
02.208,0.010
02.210,0.005
02.212,0.005
02.214,0.005
02.216,0.000
02.218,0.000
02.220,0.000
02.222,0.000
02.224,-0.005
02.226,-0.005
02.228,-0.005
02.230,-0.010
02.232,-0.020
02.234,-0.025
02.236,-0.035
02.238,-0.040
02.240,-0.045
02.242,-0.040
02.244,-0.025
02.246,0.000
02.248,0.040
02.250,0.090
02.252,0.155
02.254,0.230
02.256,0.310
02.258,0.400
02.260,0.490
02.262,0.575
02.264,0.650
02.266,0.705
02.268,0.735
02.270,0.735
02.272,0.705
02.274,0.640
02.276,0.550
02.278,0.440
02.280,0.320
02.282,0.205
02.284,0.100
02.286,0.015
02.288,-0.045
02.290,-0.075
02.292,-0.085
02.294,-0.075
02.296,-0.055
02.298,-0.035
02.300,-0.010
02.302,0.005
02.304,0.010
02.306,0.015
02.308,0.015
02.310,0.015
02.312,0.015
02.314,0.020
02.316,0.025
02.318,0.030
02.320,0.030
02.322,0.035
02.324,0.035
02.326,0.030
02.328,0.025
02.330,0.020
02.332,0.015
02.334,0.010
02.336,0.010
02.338,0.015
02.340,0.020
02.342,0.025
02.344,0.030
02.346,0.030
02.348,0.035
02.350,0.030
02.352,0.030
02.354,0.025
02.356,0.025
02.358,0.025
02.360,0.020
02.362,0.020
02.364,0.020
02.366,0.020
02.368,0.020
02.370,0.020
02.372,0.020
02.374,0.020
02.376,0.020
02.378,0.020
02.380,0.025
02.382,0.025
02.384,0.030
02.386,0.035
02.388,0.040
02.390,0.040
02.392,0.045
02.394,0.045
02.396,0.045
02.398,0.045
02.400,0.045
02.402,0.040
02.404,0.040
02.406,0.040
02.408,0.045
02.410,0.045
02.412,0.045
02.414,0.050
02.416,0.050
02.418,0.050
02.420,0.055
02.422,0.055
02.424,0.060
02.426,0.065
02.428,0.070
02.430,0.075
02.432,0.080
02.434,0.085
02.436,0.090
02.438,0.090
02.440,0.095
02.442,0.095
02.444,0.095
02.446,0.100
02.448,0.105
02.450,0.110
02.452,0.120
02.454,0.130
02.456,0.140
02.458,0.150
02.460,0.165
02.462,0.170
02.464,0.180
02.466,0.185
02.468,0.185
02.470,0.190
02.472,0.190
02.474,0.190
02.476,0.190
02.478,0.190
02.480,0.195
02.482,0.200
02.484,0.205
02.486,0.205
02.488,0.210
02.490,0.215
02.492,0.215
02.494,0.215
02.496,0.210
02.498,0.205
02.500,0.200
02.502,0.195
02.504,0.190
02.506,0.185
02.508,0.185
02.510,0.180
02.512,0.175
02.514,0.170
02.516,0.160
02.518,0.150
02.520,0.135
02.522,0.120
02.524,0.105
02.526,0.090
02.528,0.075
02.530,0.065
02.532,0.055
02.534,0.050
02.536,0.045
02.538,0.045
02.540,0.040
02.542,0.030
02.544,0.025
02.546,0.015
02.548,0.005
02.550,-0.005
02.552,-0.015
02.554,-0.020
02.556,-0.025
02.558,-0.030
02.560,-0.030
02.562,-0.035
02.564,-0.035
02.566,-0.040
02.568,-0.050
02.570,-0.055
02.572,-0.060
02.574,-0.065
02.576,-0.065
02.578,-0.065
02.580,-0.065
02.582,-0.060
02.584,-0.060
02.586,-0.060
02.588,-0.065
02.590,-0.070
02.592,-0.075
02.594,-0.080
02.596,-0.090
02.598,-0.090
02.600,-0.090
02.602,-0.090
02.604,-0.085
02.606,-0.080
02.608,-0.075
02.610,-0.075
02.612,-0.075
02.614,-0.080
02.616,-0.085
02.618,-0.090
02.620,-0.095
02.622,-0.100
02.624,-0.100
02.626,-0.100
02.628,-0.100
02.630,-0.090
02.632,-0.085
02.634,-0.075
02.636,-0.070
02.638,-0.065
02.640,-0.060
02.642,-0.065
02.644,-0.065
02.646,-0.070
02.648,-0.075
02.650,-0.080
02.652,-0.085
02.654,-0.085
02.656,-0.090
02.658,-0.090
02.660,-0.090
02.662,-0.085
02.664,-0.085
02.666,-0.080
02.668,-0.080
02.670,-0.075
02.672,-0.075
02.674,-0.070
02.676,-0.070
02.678,-0.070
02.680,-0.070
02.682,-0.075
02.684,-0.075
02.686,-0.080
02.688,-0.085
02.690,-0.085
02.692,-0.085
02.694,-0.085
02.696,-0.085
02.698,-0.080
02.700,-0.080
02.702,-0.075
02.704,-0.075
02.706,-0.075
02.708,-0.075
02.710,-0.075
02.712,-0.080
02.714,-0.080
02.716,-0.080
02.718,-0.080
02.720,-0.080
02.722,-0.080
02.724,-0.080
02.726,-0.080
02.728,-0.085
02.730,-0.090
02.732,-0.090
02.734,-0.095
02.736,-0.095
02.738,-0.100
02.740,-0.100
02.742,-0.100
02.744,-0.095
02.746,-0.095
02.748,-0.095
02.750,-0.090
02.752,-0.090
02.754,-0.090
02.756,-0.090
02.758,-0.090
02.760,-0.095
02.762,-0.095
02.764,-0.095
02.766,-0.090
02.768,-0.090
02.770,-0.085
02.772,-0.080
02.774,-0.075
02.776,-0.070
02.778,-0.070
02.780,-0.065
02.782,-0.065
02.784,-0.065
02.786,-0.070
02.788,-0.075
02.790,-0.080
02.792,-0.090
02.794,-0.095
02.796,-0.095
02.798,-0.100
02.800,-0.095
02.802,-0.095
02.804,-0.090
02.806,-0.080
02.808,-0.080
02.810,-0.075
02.812,-0.075
02.814,-0.075
02.816,-0.080
02.818,-0.085
02.820,-0.085
02.822,-0.090
02.824,-0.095
02.826,-0.095
02.828,-0.095
02.830,-0.095
02.832,-0.095
02.834,-0.095
02.836,-0.095
02.838,-0.095
02.840,-0.100
02.842,-0.100
02.844,-0.100
02.846,-0.100
02.848,-0.100
02.850,-0.100
02.852,-0.100
02.854,-0.100
02.856,-0.100
02.858,-0.095
02.860,-0.095
02.862,-0.095
02.864,-0.090
02.866,-0.085
02.868,-0.085
02.870,-0.080
02.872,-0.075
02.874,-0.075
02.876,-0.070
02.878,-0.070
02.880,-0.075
02.882,-0.075
02.884,-0.080
02.886,-0.085
02.888,-0.090
02.890,-0.090
02.892,-0.090
02.894,-0.090
02.896,-0.090
02.898,-0.085
02.900,-0.085
02.902,-0.080
02.904,-0.080
02.906,-0.080
02.908,-0.080
02.910,-0.080
02.912,-0.080
02.914,-0.085
02.916,-0.085
02.918,-0.085
02.920,-0.080
02.922,-0.080
02.924,-0.080
02.926,-0.075
02.928,-0.075
02.930,-0.070
02.932,-0.070
02.934,-0.065
02.936,-0.065
02.938,-0.065
02.940,-0.065
02.942,-0.065
02.944,-0.065
02.946,-0.070
02.948,-0.075
02.950,-0.080
02.952,-0.080
02.954,-0.085
02.956,-0.085
02.958,-0.085
02.960,-0.080
02.962,-0.075
02.964,-0.075
02.966,-0.070
02.968,-0.070
02.970,-0.070
02.972,-0.070
02.974,-0.070
02.976,-0.070
02.978,-0.070
02.980,-0.065
02.982,-0.065
02.984,-0.060
02.986,-0.060
02.988,-0.055
02.990,-0.055
02.992,-0.055
02.994,-0.055
02.996,-0.055
02.998,-0.055
03.000,-0.055
03.002,-0.055
03.004,-0.055
03.006,-0.050
03.008,-0.050
03.010,-0.045
03.012,-0.045
03.014,-0.040
03.016,-0.040
03.018,-0.035
03.020,-0.030
03.022,-0.025
03.024,-0.020
03.026,-0.020
03.028,-0.015
03.030,-0.010
03.032,-0.005
03.034,-0.005
03.036,-0.005
03.038,-0.005
03.040,-0.005
03.042,-0.005
03.044,-0.010
03.046,-0.010
03.048,-0.010
03.050,-0.010
03.052,-0.010
03.054,-0.010
03.056,-0.010
03.058,-0.010
03.060,-0.015
03.062,-0.015
03.064,-0.020
03.066,-0.025
03.068,-0.030
03.070,-0.040
03.072,-0.045
03.074,-0.055
03.076,-0.060
03.078,-0.070
03.080,-0.075
03.082,-0.075
03.084,-0.080
03.086,-0.080
03.088,-0.075
03.090,-0.070
03.092,-0.070
03.094,-0.065
03.096,-0.060
03.098,-0.060
03.100,-0.055
03.102,-0.055
03.104,-0.060
03.106,-0.060
03.108,-0.065
03.110,-0.065
03.112,-0.070
03.114,-0.075
03.116,-0.075
03.118,-0.080
03.120,-0.085
03.122,-0.085
03.124,-0.085
03.126,-0.085
03.128,-0.085
03.130,-0.085
03.132,-0.085
03.134,-0.085
03.136,-0.085
03.138,-0.085
03.140,-0.085
03.142,-0.085
03.144,-0.080
03.146,-0.080
03.148,-0.075
03.150,-0.075
03.152,-0.070
03.154,-0.070
03.156,-0.070
03.158,-0.075
03.160,-0.080
03.162,-0.085
03.164,-0.090
03.166,-0.095
03.168,-0.095
03.170,-0.090
03.172,-0.080
03.174,-0.060
03.176,-0.030
03.178,0.015
03.180,0.070
03.182,0.135
03.184,0.215
03.186,0.305
03.188,0.395
03.190,0.485
03.192,0.560
03.194,0.625
03.196,0.665
03.198,0.670
03.200,0.650
03.202,0.590
03.204,0.505
03.206,0.400
03.208,0.280
03.210,0.165
03.212,0.055
03.214,-0.035
03.216,-0.100
03.218,-0.135
03.220,-0.150
03.222,-0.150
03.224,-0.135
03.226,-0.110
03.228,-0.090
03.230,-0.075
03.232,-0.060
03.234,-0.050
03.236,-0.045
03.238,-0.045
03.240,-0.040
03.242,-0.035
03.244,-0.030
03.246,-0.025
03.248,-0.020
03.250,-0.015
03.252,-0.015
03.254,-0.015
03.256,-0.020
03.258,-0.020
03.260,-0.025
03.262,-0.025
03.264,-0.025
03.266,-0.025
03.268,-0.025
03.270,-0.025
03.272,-0.020
03.274,-0.025
03.276,-0.025
03.278,-0.025
03.280,-0.025
03.282,-0.020
03.284,-0.020
03.286,-0.015
03.288,-0.015
03.290,-0.010
03.292,-0.010
03.294,-0.005
03.296,-0.005
03.298,-0.005
03.300,-0.005
03.302,-0.010
03.304,-0.010
03.306,-0.010
03.308,-0.005
03.310,-0.010
03.312,-0.010
03.314,-0.010
03.316,-0.010
03.318,-0.010
03.320,-0.010
03.322,-0.010
03.324,-0.010
03.326,-0.005
03.328,0.000
03.330,0.005
03.332,0.010
03.334,0.015
03.336,0.015
03.338,0.020
03.340,0.020
03.342,0.025
03.344,0.025
03.346,0.030
03.348,0.035
03.350,0.040
03.352,0.050
03.354,0.055
03.356,0.060
03.358,0.060
03.360,0.065
03.362,0.065
03.364,0.065
03.366,0.065
03.368,0.065
03.370,0.070
03.372,0.075
03.374,0.085
03.376,0.090
03.378,0.095
03.380,0.105
03.382,0.110
03.384,0.115
03.386,0.120
03.388,0.125
03.390,0.130
03.392,0.135
03.394,0.145
03.396,0.150
03.398,0.160
03.400,0.165
03.402,0.175
03.404,0.180
03.406,0.185
03.408,0.185
03.410,0.190
03.412,0.195
03.414,0.195
03.416,0.200
03.418,0.205
03.420,0.210
03.422,0.210
03.424,0.215
03.426,0.220
03.428,0.225
03.430,0.225
03.432,0.225
03.434,0.220
03.436,0.215
03.438,0.205
03.440,0.195
03.442,0.180
03.444,0.170
03.446,0.155
03.448,0.145
03.450,0.140
03.452,0.135
03.454,0.135
03.456,0.135
03.458,0.135
03.460,0.130
03.462,0.125
03.464,0.115
03.466,0.100
03.468,0.080
03.470,0.065
03.472,0.045
03.474,0.030
03.476,0.020
03.478,0.015
03.480,0.015
03.482,0.015
03.484,0.015
03.486,0.015
03.488,0.015
03.490,0.010
03.492,0.000
03.494,-0.005
03.496,-0.015
03.498,-0.025
03.500,-0.025
03.502,-0.030
03.504,-0.030
03.506,-0.030
03.508,-0.030
03.510,-0.030
03.512,-0.030
03.514,-0.030
03.516,-0.035
03.518,-0.035
03.520,-0.040
03.522,-0.045
03.524,-0.050
03.526,-0.050
03.528,-0.050
03.530,-0.050
03.532,-0.050
03.534,-0.050
03.536,-0.045
03.538,-0.045
03.540,-0.045
03.542,-0.050
03.544,-0.050
03.546,-0.055
03.548,-0.055
03.550,-0.055
03.552,-0.055
03.554,-0.055
03.556,-0.050
03.558,-0.050
03.560,-0.045
03.562,-0.040
03.564,-0.035
03.566,-0.030
03.568,-0.030
03.570,-0.035
03.572,-0.040
03.574,-0.045
03.576,-0.050
03.578,-0.055
03.580,-0.060
03.582,-0.060
03.584,-0.065
03.586,-0.065
03.588,-0.065
03.590,-0.065
03.592,-0.060
03.594,-0.055
03.596,-0.050
03.598,-0.050
03.600,-0.045
03.602,-0.045
03.604,-0.045
03.606,-0.045
03.608,-0.050
03.610,-0.050
03.612,-0.055
03.614,-0.055
03.616,-0.055
03.618,-0.055
03.620,-0.050
03.622,-0.040
03.624,-0.030
03.626,-0.025
03.628,-0.020
03.630,-0.015
03.632,-0.015
03.634,-0.020
03.636,-0.025
03.638,-0.030
03.640,-0.040
03.642,-0.045
03.644,-0.045
03.646,-0.045
03.648,-0.045
03.650,-0.040
03.652,-0.035
03.654,-0.030
03.656,-0.030
03.658,-0.025
03.660,-0.025
03.662,-0.025
03.664,-0.025
03.666,-0.030
03.668,-0.030
03.670,-0.035
03.672,-0.035
03.674,-0.040
03.676,-0.040
03.678,-0.045
03.680,-0.045
03.682,-0.050
03.684,-0.050
03.686,-0.055
03.688,-0.060
03.690,-0.060
03.692,-0.060
03.694,-0.060
03.696,-0.055
03.698,-0.050
03.700,-0.045
03.702,-0.040
03.704,-0.035
03.706,-0.035
03.708,-0.035
03.710,-0.040
03.712,-0.045
03.714,-0.055
03.716,-0.060
03.718,-0.070
03.720,-0.070
03.722,-0.075
03.724,-0.075
03.726,-0.070
03.728,-0.070
03.730,-0.065
03.732,-0.065
03.734,-0.065
03.736,-0.065
03.738,-0.070
03.740,-0.070
03.742,-0.075
03.744,-0.075
03.746,-0.075
03.748,-0.070
03.750,-0.070
03.752,-0.065
03.754,-0.060
03.756,-0.055
03.758,-0.055
03.760,-0.050
03.762,-0.050
03.764,-0.050
03.766,-0.050
03.768,-0.050
03.770,-0.050
03.772,-0.055
03.774,-0.055
03.776,-0.060
03.778,-0.065
03.780,-0.070
03.782,-0.075
03.784,-0.075
03.786,-0.080
03.788,-0.080
03.790,-0.075
03.792,-0.070
03.794,-0.065
03.796,-0.060
03.798,-0.055
03.800,-0.055
03.802,-0.055
03.804,-0.060
03.806,-0.065
03.808,-0.065
03.810,-0.070
03.812,-0.075
03.814,-0.080
03.816,-0.085
03.818,-0.085
03.820,-0.090
03.822,-0.090
03.824,-0.090
03.826,-0.090
03.828,-0.090
03.830,-0.090
03.832,-0.085
03.834,-0.085
03.836,-0.080
03.838,-0.080
03.840,-0.075
03.842,-0.070
03.844,-0.070
03.846,-0.065
03.848,-0.065
03.850,-0.065
03.852,-0.065
03.854,-0.065
03.856,-0.070
03.858,-0.070
03.860,-0.075
03.862,-0.075
03.864,-0.075
03.866,-0.070
03.868,-0.070
03.870,-0.065
03.872,-0.060
03.874,-0.055
03.876,-0.045
03.878,-0.040
03.880,-0.035
03.882,-0.035
03.884,-0.030
03.886,-0.025
03.888,-0.020
03.890,-0.015
03.892,-0.010
03.894,0.000
03.896,0.005
03.898,0.010
03.900,0.015
03.902,0.020
03.904,0.020
03.906,0.025
03.908,0.025
03.910,0.030
03.912,0.030
03.914,0.035
03.916,0.040
03.918,0.045
03.920,0.045
03.922,0.050
03.924,0.055
03.926,0.060
03.928,0.060
03.930,0.060
03.932,0.060
03.934,0.060
03.936,0.060
03.938,0.060
03.940,0.065
03.942,0.065
03.944,0.070
03.946,0.075
03.948,0.080
03.950,0.085
03.952,0.090
03.954,0.090
03.956,0.095
03.958,0.100
03.960,0.105
03.962,0.110
03.964,0.110
03.966,0.115
03.968,0.115
03.970,0.115
03.972,0.115
03.974,0.115
03.976,0.115
03.978,0.110
03.980,0.105
03.982,0.100
03.984,0.100
03.986,0.100
03.988,0.095
03.990,0.095
03.992,0.095
03.994,0.095
03.996,0.095
03.998,0.095
04.000,0.090
04.002,0.085
04.004,0.085
04.006,0.080
04.008,0.075
04.010,0.075
04.012,0.075
04.014,0.070
04.016,0.070
04.018,0.065
04.020,0.060
04.022,0.055
04.024,0.050
04.026,0.045
04.028,0.040
04.030,0.040
04.032,0.035
04.034,0.035
04.036,0.040
04.038,0.040
04.040,0.035
04.042,0.035
04.044,0.030
04.046,0.025
04.048,0.020
04.050,0.015
04.052,0.010
04.054,0.010
04.056,0.010
04.058,0.015
04.060,0.020
04.062,0.025
04.064,0.030
04.066,0.035
04.068,0.040
04.070,0.040
04.072,0.040
04.074,0.035
04.076,0.030
04.078,0.025
04.080,0.020
04.082,0.015
04.084,0.015
04.086,0.015
04.088,0.015
04.090,0.015
04.092,0.015
04.094,0.015
04.096,0.010
04.098,0.005
04.100,-0.005
04.102,-0.010
04.104,-0.015
04.106,-0.015
04.108,-0.005
04.110,0.015
04.112,0.045
04.114,0.090
04.116,0.145
04.118,0.210
04.120,0.285
04.122,0.365
04.124,0.445
04.126,0.520
04.128,0.585
04.130,0.630
04.132,0.655
04.134,0.655
04.136,0.630
04.138,0.570
04.140,0.490
04.142,0.390
04.144,0.280
04.146,0.165
04.148,0.065
04.150,-0.015
04.152,-0.075
04.154,-0.105
04.156,-0.115
04.158,-0.100
04.160,-0.080
04.162,-0.050
04.164,-0.020
04.166,0.005
04.168,0.020
04.170,0.030
04.172,0.030
04.174,0.030
04.176,0.030
04.178,0.030
04.180,0.030
04.182,0.035
04.184,0.040
04.186,0.040
04.188,0.040
04.190,0.040
04.192,0.035
04.194,0.030
04.196,0.025
04.198,0.020
04.200,0.015
04.202,0.015
04.204,0.015
04.206,0.015
04.208,0.020
04.210,0.020
04.212,0.025
04.214,0.025
04.216,0.025
04.218,0.030
04.220,0.030
04.222,0.025
04.224,0.025
04.226,0.025
04.228,0.025
04.230,0.025
04.232,0.025
04.234,0.025
04.236,0.030
04.238,0.030
04.240,0.030
04.242,0.030
04.244,0.030
04.246,0.030
04.248,0.030
04.250,0.030
04.252,0.030
04.254,0.035
04.256,0.035
04.258,0.040
04.260,0.045
04.262,0.050
04.264,0.055
04.266,0.060
04.268,0.065
04.270,0.065
04.272,0.070
04.274,0.065
04.276,0.065
04.278,0.060
04.280,0.055
04.282,0.050
04.284,0.050
04.286,0.050
04.288,0.050
04.290,0.055
04.292,0.055
04.294,0.060
04.296,0.065
04.298,0.070
04.300,0.075
04.302,0.080
04.304,0.085
04.306,0.095
04.308,0.100
04.310,0.110
04.312,0.120
04.314,0.125
04.316,0.130
04.318,0.135
04.320,0.140
04.322,0.140
04.324,0.140
04.326,0.145
04.328,0.145
04.330,0.150
04.332,0.155
04.334,0.165
04.336,0.170
04.338,0.180
04.340,0.185
04.342,0.190
04.344,0.190
04.346,0.190
04.348,0.190
04.350,0.190
04.352,0.185
04.354,0.185
04.356,0.185
04.358,0.185
04.360,0.190
04.362,0.195
04.364,0.195
04.366,0.195
04.368,0.195
04.370,0.190
04.372,0.190
04.374,0.180
04.376,0.175
04.378,0.165
04.380,0.155
04.382,0.145
04.384,0.135
04.386,0.125
04.388,0.110
04.390,0.100
04.392,0.090
04.394,0.075
04.396,0.060
04.398,0.050
04.400,0.040
04.402,0.030
04.404,0.020
04.406,0.010
04.408,0.005
04.410,0.000
04.412,-0.010
04.414,-0.015
04.416,-0.020
04.418,-0.025
04.420,-0.030
04.422,-0.040
04.424,-0.045
04.426,-0.050
04.428,-0.055
04.430,-0.055
04.432,-0.060
04.434,-0.060
04.436,-0.065
04.438,-0.065
04.440,-0.070
04.442,-0.080
04.444,-0.085
04.446,-0.095
04.448,-0.100
04.450,-0.105
04.452,-0.110
04.454,-0.110
04.456,-0.110
04.458,-0.110
04.460,-0.105
04.462,-0.105
04.464,-0.100
04.466,-0.100
04.468,-0.100
04.470,-0.100
04.472,-0.105
04.474,-0.105
04.476,-0.105
04.478,-0.105
04.480,-0.105
04.482,-0.105
04.484,-0.105
04.486,-0.105
04.488,-0.110
04.490,-0.110
04.492,-0.115
04.494,-0.115
04.496,-0.115
04.498,-0.120
04.500,-0.120
04.502,-0.115
04.504,-0.115
04.506,-0.110
04.508,-0.110
04.510,-0.105
04.512,-0.105
04.514,-0.105
04.516,-0.105
04.518,-0.105
04.520,-0.105
04.522,-0.110
04.524,-0.110
04.526,-0.110
04.528,-0.110
04.530,-0.105
04.532,-0.105
04.534,-0.100
04.536,-0.095
04.538,-0.095
04.540,-0.090
04.542,-0.090
04.544,-0.090
04.546,-0.095
04.548,-0.100
04.550,-0.100
04.552,-0.105
04.554,-0.105
04.556,-0.105
04.558,-0.105
04.560,-0.100
04.562,-0.090
04.564,-0.085
04.566,-0.080
04.568,-0.075
04.570,-0.070
04.572,-0.070
04.574,-0.075
04.576,-0.080
04.578,-0.085
04.580,-0.090
04.582,-0.095
04.584,-0.095
04.586,-0.095
04.588,-0.090
04.590,-0.090
04.592,-0.085
04.594,-0.085
04.596,-0.085
04.598,-0.085
04.600,-0.085
04.602,-0.090
04.604,-0.090
04.606,-0.090
04.608,-0.090
04.610,-0.090
04.612,-0.085
04.614,-0.080
04.616,-0.080
04.618,-0.080
04.620,-0.080
04.622,-0.085
04.624,-0.090
04.626,-0.095
04.628,-0.100
04.630,-0.100
04.632,-0.105
04.634,-0.105
04.636,-0.110
04.638,-0.105
04.640,-0.105
04.642,-0.105
04.644,-0.105
04.646,-0.100
04.648,-0.100
04.650,-0.095
04.652,-0.095
04.654,-0.095
04.656,-0.095
04.658,-0.095
04.660,-0.100
04.662,-0.100
04.664,-0.105
04.666,-0.105
04.668,-0.105
04.670,-0.110
04.672,-0.110
04.674,-0.110
04.676,-0.110
04.678,-0.110
04.680,-0.115
04.682,-0.115
04.684,-0.115
04.686,-0.120
04.688,-0.120
04.690,-0.120
04.692,-0.115
04.694,-0.110
04.696,-0.105
04.698,-0.100
04.700,-0.095
04.702,-0.090
04.704,-0.090
04.706,-0.090
04.708,-0.090
04.710,-0.095
04.712,-0.100
04.714,-0.105
04.716,-0.105
04.718,-0.110
04.720,-0.110
04.722,-0.105
04.724,-0.105
04.726,-0.100
04.728,-0.095
04.730,-0.095
04.732,-0.090
04.734,-0.090
04.736,-0.090
04.738,-0.095
04.740,-0.095
04.742,-0.100
04.744,-0.105
04.746,-0.110
04.748,-0.110
04.750,-0.115
04.752,-0.110
04.754,-0.110
04.756,-0.105
04.758,-0.100
04.760,-0.095
04.762,-0.090
04.764,-0.085
04.766,-0.085
04.768,-0.090
04.770,-0.095
04.772,-0.105
04.774,-0.110
04.776,-0.115
04.778,-0.120
04.780,-0.125
04.782,-0.120
04.784,-0.115
04.786,-0.110
04.788,-0.105
04.790,-0.095
04.792,-0.090
04.794,-0.085
04.796,-0.085
04.798,-0.085
04.800,-0.085
04.802,-0.090
04.804,-0.090
04.806,-0.095
04.808,-0.095
04.810,-0.095
04.812,-0.095
04.814,-0.095
04.816,-0.095
04.818,-0.090
04.820,-0.090
04.822,-0.090
04.824,-0.090
04.826,-0.090
04.828,-0.090
04.830,-0.090
04.832,-0.095
04.834,-0.095
04.836,-0.095
04.838,-0.100
04.840,-0.100
04.842,-0.100
04.844,-0.100
04.846,-0.095
04.848,-0.090
04.850,-0.085
04.852,-0.080
04.854,-0.075
04.856,-0.065
04.858,-0.060
04.860,-0.060
04.862,-0.055
04.864,-0.055
04.866,-0.055
04.868,-0.055
04.870,-0.055
04.872,-0.055
04.874,-0.050
04.876,-0.050
04.878,-0.050
04.880,-0.045
04.882,-0.040
04.884,-0.035
04.886,-0.035
04.888,-0.030
04.890,-0.025
04.892,-0.025
04.894,-0.025
04.896,-0.025
04.898,-0.025
04.900,-0.030
04.902,-0.030
04.904,-0.035
04.906,-0.040
04.908,-0.040
04.910,-0.045
04.912,-0.045
04.914,-0.050
04.916,-0.050
04.918,-0.055
04.920,-0.060
04.922,-0.060
04.924,-0.065
04.926,-0.070
04.928,-0.070
04.930,-0.075
04.932,-0.075
04.934,-0.075
04.936,-0.075
04.938,-0.080
04.940,-0.080
04.942,-0.080
04.944,-0.080
04.946,-0.085
04.948,-0.090
04.950,-0.090
04.952,-0.095
04.954,-0.100
04.956,-0.100
04.958,-0.105
04.960,-0.105
04.962,-0.105
04.964,-0.105
04.966,-0.105
04.968,-0.105
04.970,-0.105
04.972,-0.100
04.974,-0.100
04.976,-0.100
04.978,-0.100
04.980,-0.100
04.982,-0.095
04.984,-0.095
04.986,-0.090
04.988,-0.085
04.990,-0.085
04.992,-0.085
04.994,-0.085
04.996,-0.085
04.998,-0.085
05.000,-0.090
05.002,-0.095
05.004,-0.095
05.006,-0.100
05.008,-0.100
05.010,-0.105
05.012,-0.105
05.014,-0.110
05.016,-0.115
05.018,-0.115
05.020,-0.120
05.022,-0.115
05.024,-0.110
05.026,-0.090
05.028,-0.065
05.030,-0.020
05.032,0.030
05.034,0.100
05.036,0.175
05.038,0.260
05.040,0.350
05.042,0.435
05.044,0.510
05.046,0.570
05.048,0.605
05.050,0.610
05.052,0.590
05.054,0.540
05.056,0.465
05.058,0.365
05.060,0.260
05.062,0.150
05.064,0.045
05.066,-0.040
05.068,-0.105
05.070,-0.145
05.072,-0.165
05.074,-0.165
05.076,-0.150
05.078,-0.135
05.080,-0.115
05.082,-0.095
05.084,-0.085
05.086,-0.075
05.088,-0.075
05.090,-0.075
05.092,-0.075
05.094,-0.070
05.096,-0.070
05.098,-0.065
05.100,-0.060
05.102,-0.055
05.104,-0.050
05.106,-0.050
05.108,-0.050
05.110,-0.050
05.112,-0.050
05.114,-0.050
05.116,-0.050
05.118,-0.045
05.120,-0.045
05.122,-0.045
05.124,-0.045
05.126,-0.045
05.128,-0.045
05.130,-0.045
05.132,-0.045
05.134,-0.040
05.136,-0.040
05.138,-0.035
05.140,-0.035
05.142,-0.030
05.144,-0.030
05.146,-0.030
05.148,-0.030
05.150,-0.030
05.152,-0.030
05.154,-0.030
05.156,-0.030
05.158,-0.030
05.160,-0.025
05.162,-0.020
05.164,-0.015
05.166,-0.010
05.168,-0.005
05.170,-0.005
05.172,0.000
05.174,0.000
05.176,0.000
05.178,0.000
05.180,0.000
05.182,0.000
05.184,0.000
05.186,0.000
05.188,0.005
05.190,0.005
05.192,0.010
05.194,0.015
05.196,0.015
05.198,0.020
05.200,0.020
05.202,0.020
05.204,0.025
05.206,0.025
05.208,0.025
05.210,0.025
05.212,0.030
05.214,0.035
05.216,0.040
05.218,0.045
05.220,0.050
05.222,0.055
05.224,0.060
05.226,0.065
05.228,0.070
05.230,0.075
05.232,0.080
05.234,0.085
05.236,0.090
05.238,0.095
05.240,0.100
05.242,0.105
05.244,0.115
05.246,0.120
05.248,0.130
05.250,0.135
05.252,0.145
05.254,0.150
05.256,0.160
05.258,0.165
05.260,0.170
05.262,0.175
05.264,0.175
05.266,0.180
05.268,0.185
05.270,0.185
05.272,0.185
05.274,0.185
05.276,0.185
05.278,0.185
05.280,0.185
05.282,0.185
05.284,0.185
05.286,0.185
05.288,0.185
05.290,0.180
05.292,0.180
05.294,0.180
05.296,0.175
05.298,0.170
05.300,0.165
05.302,0.155
05.304,0.145
05.306,0.135
05.308,0.125
05.310,0.115
05.312,0.105
05.314,0.100
05.316,0.090
05.318,0.080
05.320,0.070
05.322,0.060
05.324,0.050
05.326,0.035
05.328,0.025
05.330,0.015
05.332,0.005
05.334,0.000
05.336,-0.005
05.338,-0.005
05.340,-0.005
05.342,-0.005
05.344,-0.005
05.346,-0.005
05.348,-0.010
05.350,-0.015
05.352,-0.015
05.354,-0.020
05.356,-0.025
05.358,-0.030
05.360,-0.035
05.362,-0.035
05.364,-0.035
05.366,-0.035
05.368,-0.030
05.370,-0.030
05.372,-0.025
05.374,-0.025
05.376,-0.025
05.378,-0.025
05.380,-0.030
05.382,-0.035
05.384,-0.040
05.386,-0.045
05.388,-0.050
05.390,-0.055
05.392,-0.060
05.394,-0.065
05.396,-0.065
05.398,-0.060
05.400,-0.060
05.402,-0.055
05.404,-0.050
05.406,-0.050
05.408,-0.045
05.410,-0.040
05.412,-0.040
05.414,-0.035
05.416,-0.035
05.418,-0.030
05.420,-0.030
05.422,-0.030
05.424,-0.030
05.426,-0.030
05.428,-0.035
05.430,-0.035
05.432,-0.040
05.434,-0.040
05.436,-0.040
05.438,-0.040
05.440,-0.035
05.442,-0.035
05.444,-0.030
05.446,-0.025
05.448,-0.020
05.450,-0.015
05.452,-0.015
05.454,-0.015
05.456,-0.010
05.458,-0.010
05.460,-0.010
05.462,-0.010
05.464,-0.010
05.466,-0.010
05.468,-0.010
05.470,-0.010
05.472,-0.010
05.474,-0.015
05.476,-0.020
05.478,-0.020
05.480,-0.025
05.482,-0.025
05.484,-0.030
05.486,-0.030
05.488,-0.025
05.490,-0.025
05.492,-0.025
05.494,-0.025
05.496,-0.025
05.498,-0.025
05.500,-0.025
05.502,-0.030
05.504,-0.030
05.506,-0.035
05.508,-0.035
05.510,-0.035
05.512,-0.035
05.514,-0.035
05.516,-0.030
05.518,-0.025
05.520,-0.020
05.522,-0.020
05.524,-0.015
05.526,-0.015
05.528,-0.015
05.530,-0.015
05.532,-0.015
05.534,-0.015
05.536,-0.020
05.538,-0.020
05.540,-0.025
05.542,-0.025
05.544,-0.030
05.546,-0.030
05.548,-0.030
05.550,-0.035
05.552,-0.035
05.554,-0.040
05.556,-0.040
05.558,-0.040
05.560,-0.040
05.562,-0.040
05.564,-0.040
05.566,-0.040
05.568,-0.035
05.570,-0.035
05.572,-0.030
05.574,-0.030
05.576,-0.030
05.578,-0.030
05.580,-0.030
05.582,-0.035
05.584,-0.040
05.586,-0.040
05.588,-0.045
05.590,-0.045
05.592,-0.045
05.594,-0.040
05.596,-0.040
05.598,-0.035
05.600,-0.035
05.602,-0.035
05.604,-0.040
05.606,-0.045
05.608,-0.055
05.610,-0.060
05.612,-0.065
05.614,-0.065
05.616,-0.065
05.618,-0.065
05.620,-0.060
05.622,-0.055
05.624,-0.050
05.626,-0.045
05.628,-0.045
05.630,-0.045
05.632,-0.045
05.634,-0.045
05.636,-0.045
05.638,-0.050
05.640,-0.050
05.642,-0.050
05.644,-0.050
05.646,-0.050
05.648,-0.050
05.650,-0.050
05.652,-0.050
05.654,-0.050
05.656,-0.050
05.658,-0.050
05.660,-0.055
05.662,-0.055
05.664,-0.055
05.666,-0.055
05.668,-0.055
05.670,-0.055
05.672,-0.055
05.674,-0.055
05.676,-0.055
05.678,-0.050
05.680,-0.050
05.682,-0.045
05.684,-0.045
05.686,-0.045
05.688,-0.045
05.690,-0.050
05.692,-0.050
05.694,-0.055
05.696,-0.055
05.698,-0.060
05.700,-0.060
05.702,-0.060
05.704,-0.060
05.706,-0.060
05.708,-0.065
05.710,-0.065
05.712,-0.065
05.714,-0.070
05.716,-0.070
05.718,-0.070
05.720,-0.075
05.722,-0.070
05.724,-0.070
05.726,-0.065
05.728,-0.060
05.730,-0.060
05.732,-0.055
05.734,-0.055
05.736,-0.060
05.738,-0.060
05.740,-0.065
05.742,-0.075
05.744,-0.080
05.746,-0.085
05.748,-0.090
05.750,-0.090
05.752,-0.085
05.754,-0.080
05.756,-0.075
05.758,-0.070
05.760,-0.065
05.762,-0.060
05.764,-0.060
05.766,-0.065
05.768,-0.065
05.770,-0.070
05.772,-0.070
05.774,-0.070
05.776,-0.070
05.778,-0.070
05.780,-0.065
05.782,-0.060
05.784,-0.055
05.786,-0.055
05.788,-0.055
05.790,-0.055
05.792,-0.055
05.794,-0.050
05.796,-0.050
05.798,-0.050
05.800,-0.045
05.802,-0.040
05.804,-0.035
05.806,-0.030
05.808,-0.025
05.810,-0.020
05.812,-0.020
05.814,-0.020
05.816,-0.020
05.818,-0.020
05.820,-0.020
05.822,-0.015
05.824,-0.005
05.826,0.000
05.828,0.015
05.830,0.025
05.832,0.035
05.834,0.045
05.836,0.055
05.838,0.065
05.840,0.070
05.842,0.075
05.844,0.080
05.846,0.085
05.848,0.090
05.850,0.090
05.852,0.095
05.854,0.100
05.856,0.100
05.858,0.100
05.860,0.100
05.862,0.095
05.864,0.090
05.866,0.085
05.868,0.080
05.870,0.075
05.872,0.075
05.874,0.075
05.876,0.075
05.878,0.080
05.880,0.085
05.882,0.085
05.884,0.090
05.886,0.090
05.888,0.090
05.890,0.090
05.892,0.090
05.894,0.090
05.896,0.085
05.898,0.085
05.900,0.085
05.902,0.085
05.904,0.080
05.906,0.080
05.908,0.080
05.910,0.075
05.912,0.075
05.914,0.070
05.916,0.070
05.918,0.070
05.920,0.070
05.922,0.070
05.924,0.070
05.926,0.070
05.928,0.070
05.930,0.070
05.932,0.070
05.934,0.065
05.936,0.065
05.938,0.060
05.940,0.055
05.942,0.055
05.944,0.050
05.946,0.045
05.948,0.040
05.950,0.035
05.952,0.030
05.954,0.030
05.956,0.030
05.958,0.040
05.960,0.060
05.962,0.085
05.964,0.130
05.966,0.180
05.968,0.250
05.970,0.325
05.972,0.415
05.974,0.505
05.976,0.595
05.978,0.675
05.980,0.740
05.982,0.780
05.984,0.795
05.986,0.775
05.988,0.725
05.990,0.645
05.992,0.545
05.994,0.430
05.996,0.310
05.998,0.195
06.000,0.100
06.002,0.030
06.004,-0.015
06.006,-0.035
06.008,-0.030
06.010,-0.015
06.012,0.010
06.014,0.035
06.016,0.060
06.018,0.075
06.020,0.085
06.022,0.085
06.024,0.085
06.026,0.085
06.028,0.080
06.030,0.080
06.032,0.085
06.034,0.085
06.036,0.085
06.038,0.090
06.040,0.085
06.042,0.085
06.044,0.080
06.046,0.075
06.048,0.075
06.050,0.070
06.052,0.065
06.054,0.065
06.056,0.065
06.058,0.065
06.060,0.060
06.062,0.060
06.064,0.060
06.066,0.060
06.068,0.060
06.070,0.060
06.072,0.065
06.074,0.065
06.076,0.070
06.078,0.070
06.080,0.075
06.082,0.075
06.084,0.075
06.086,0.075
06.088,0.075
06.090,0.075
06.092,0.075
06.094,0.075
06.096,0.075
06.098,0.080
06.100,0.085
06.102,0.090
06.104,0.095
06.106,0.100
06.108,0.105
06.110,0.105
06.112,0.105
06.114,0.105
06.116,0.105
06.118,0.105
06.120,0.105
06.122,0.105
06.124,0.105
06.126,0.110
06.128,0.110
06.130,0.115
06.132,0.120
06.134,0.120
06.136,0.120
06.138,0.120
06.140,0.120
06.142,0.120
06.144,0.120
06.146,0.120
06.148,0.120
06.150,0.120
06.152,0.125
06.154,0.130
06.156,0.140
06.158,0.145
06.160,0.150
06.162,0.160
06.164,0.165
06.166,0.170
06.168,0.175
06.170,0.185
06.172,0.190
06.174,0.200
06.176,0.205
06.178,0.215
06.180,0.220
06.182,0.230
06.184,0.235
06.186,0.240
06.188,0.245
06.190,0.250
06.192,0.255
06.194,0.255
06.196,0.260
06.198,0.260
06.200,0.265
06.202,0.270
06.204,0.270
06.206,0.275
06.208,0.275
06.210,0.280
06.212,0.280
06.214,0.285
06.216,0.285
06.218,0.285
06.220,0.285
06.222,0.280
06.224,0.275
06.226,0.270
06.228,0.260
06.230,0.245
06.232,0.235
06.234,0.220
06.236,0.210
06.238,0.195
06.240,0.185
06.242,0.175
06.244,0.165
06.246,0.150
06.248,0.140
06.250,0.125
06.252,0.110
06.254,0.095
06.256,0.085
06.258,0.070
06.260,0.065
06.262,0.055
06.264,0.050
06.266,0.045
06.268,0.040
06.270,0.035
06.272,0.025
06.274,0.015
06.276,0.005
06.278,-0.010
06.280,-0.020
06.282,-0.030
06.284,-0.035
06.286,-0.040
06.288,-0.045
06.290,-0.045
06.292,-0.045
06.294,-0.040
06.296,-0.045
06.298,-0.045
06.300,-0.045
06.302,-0.050
06.304,-0.055
06.306,-0.060
06.308,-0.060
06.310,-0.060
06.312,-0.060
06.314,-0.060
06.316,-0.060
06.318,-0.060
06.320,-0.060
06.322,-0.065
06.324,-0.070
06.326,-0.070
06.328,-0.075
06.330,-0.080
06.332,-0.080
06.334,-0.080
06.336,-0.080
06.338,-0.080
06.340,-0.075
06.342,-0.075
06.344,-0.070
06.346,-0.070
06.348,-0.070
06.350,-0.070
06.352,-0.075
06.354,-0.075
06.356,-0.075
06.358,-0.075
06.360,-0.075
06.362,-0.075
06.364,-0.075
06.366,-0.075
06.368,-0.080
06.370,-0.085
06.372,-0.085
06.374,-0.090
06.376,-0.095
06.378,-0.095
06.380,-0.100
06.382,-0.095
06.384,-0.095
06.386,-0.090
06.388,-0.090
06.390,-0.085
06.392,-0.085
06.394,-0.085
06.396,-0.085
06.398,-0.085
06.400,-0.080
06.402,-0.080
06.404,-0.080
06.406,-0.075
06.408,-0.075
06.410,-0.075
06.412,-0.070
06.414,-0.070
06.416,-0.075
06.418,-0.075
06.420,-0.080
06.422,-0.085
06.424,-0.090
06.426,-0.090
06.428,-0.095
06.430,-0.095
06.432,-0.095
06.434,-0.095
06.436,-0.090
06.438,-0.090
06.440,-0.085
06.442,-0.085
06.444,-0.085
06.446,-0.085
06.448,-0.090
06.450,-0.095
06.452,-0.100
06.454,-0.105
06.456,-0.110
06.458,-0.110
06.460,-0.115
06.462,-0.115
06.464,-0.115
06.466,-0.110
06.468,-0.110
06.470,-0.105
06.472,-0.100
06.474,-0.100
06.476,-0.095
06.478,-0.095
06.480,-0.095
06.482,-0.100
06.484,-0.100
06.486,-0.100
06.488,-0.100
06.490,-0.100
06.492,-0.100
06.494,-0.100
06.496,-0.100
06.498,-0.100
06.500,-0.105
06.502,-0.105
06.504,-0.110
06.506,-0.115
06.508,-0.120
06.510,-0.125
06.512,-0.130
06.514,-0.130
06.516,-0.130
06.518,-0.135
06.520,-0.135
06.522,-0.135
06.524,-0.130
06.526,-0.130
06.528,-0.130
06.530,-0.125
06.532,-0.125
06.534,-0.120
06.536,-0.120
06.538,-0.120
06.540,-0.120
06.542,-0.125
06.544,-0.125
06.546,-0.130
06.548,-0.135
06.550,-0.145
06.552,-0.145
06.554,-0.150
06.556,-0.150
06.558,-0.150
06.560,-0.145
06.562,-0.140
06.564,-0.140
06.566,-0.135
06.568,-0.135
06.570,-0.130
06.572,-0.130
06.574,-0.130
06.576,-0.130
06.578,-0.130
06.580,-0.130
06.582,-0.130
06.584,-0.130
06.586,-0.130
06.588,-0.130
06.590,-0.130
06.592,-0.130
06.594,-0.130
06.596,-0.130
06.598,-0.130
06.600,-0.130
06.602,-0.125
06.604,-0.125
06.606,-0.120
06.608,-0.120
06.610,-0.120
06.612,-0.120
06.614,-0.125
06.616,-0.125
06.618,-0.130
06.620,-0.130
06.622,-0.130
06.624,-0.130
06.626,-0.130
06.628,-0.125
06.630,-0.120
06.632,-0.115
06.634,-0.110
06.636,-0.110
06.638,-0.105
06.640,-0.105
06.642,-0.105
06.644,-0.105
06.646,-0.105
06.648,-0.110
06.650,-0.110
06.652,-0.110
06.654,-0.115
06.656,-0.115
06.658,-0.115
06.660,-0.115
06.662,-0.115
06.664,-0.110
06.666,-0.105
06.668,-0.100
06.670,-0.095
06.672,-0.090
06.674,-0.090
06.676,-0.090
06.678,-0.090
06.680,-0.090
06.682,-0.095
06.684,-0.095
06.686,-0.095
06.688,-0.095
06.690,-0.095
06.692,-0.090
06.694,-0.085
06.696,-0.085
06.698,-0.085
06.700,-0.085
06.702,-0.085
06.704,-0.085
06.706,-0.080
06.708,-0.080
06.710,-0.075
06.712,-0.065
06.714,-0.060
06.716,-0.050
06.718,-0.040
06.720,-0.035
06.722,-0.030
06.724,-0.025
06.726,-0.025
06.728,-0.025
06.730,-0.030
06.732,-0.035
06.734,-0.040
06.736,-0.050
06.738,-0.060
06.740,-0.065
06.742,-0.075
06.744,-0.080
06.746,-0.090
06.748,-0.095
06.750,-0.100
06.752,-0.100
06.754,-0.105
06.756,-0.105
06.758,-0.110
06.760,-0.115
06.762,-0.115
06.764,-0.120
06.766,-0.125
06.768,-0.125
06.770,-0.125
06.772,-0.125
06.774,-0.120
06.776,-0.115
06.778,-0.115
06.780,-0.110
06.782,-0.105
06.784,-0.105
06.786,-0.105
06.788,-0.105
06.790,-0.110
06.792,-0.110
06.794,-0.115
06.796,-0.120
06.798,-0.120
06.800,-0.125
06.802,-0.130
06.804,-0.130
06.806,-0.135
06.808,-0.135
06.810,-0.130
06.812,-0.130
06.814,-0.125
06.816,-0.120
06.818,-0.120
06.820,-0.115
06.822,-0.115
06.824,-0.115
06.826,-0.120
06.828,-0.125
06.830,-0.130
06.832,-0.130
06.834,-0.135
06.836,-0.135
06.838,-0.135
06.840,-0.135
06.842,-0.135
06.844,-0.135
06.846,-0.130
06.848,-0.125
06.850,-0.110
06.852,-0.080
06.854,-0.040
06.856,0.015
06.858,0.085
06.860,0.170
06.862,0.255
06.864,0.345
06.866,0.425
06.868,0.490
06.870,0.530
06.872,0.550
06.874,0.540
06.876,0.500
06.878,0.440
06.880,0.355
06.882,0.260
06.884,0.160
06.886,0.060
06.888,-0.030
06.890,-0.100
06.892,-0.155
06.894,-0.190
06.896,-0.205
06.898,-0.200
06.900,-0.185
06.902,-0.160
06.904,-0.130
06.906,-0.105
06.908,-0.085
06.910,-0.075
06.912,-0.065
06.914,-0.065
06.916,-0.065
06.918,-0.065
06.920,-0.065
06.922,-0.060
06.924,-0.060
06.926,-0.060
06.928,-0.060
06.930,-0.065
06.932,-0.070
06.934,-0.075
06.936,-0.080
06.938,-0.085
06.940,-0.085
06.942,-0.085
06.944,-0.080
06.946,-0.075
06.948,-0.065
06.950,-0.060
06.952,-0.055
06.954,-0.050
06.956,-0.050
06.958,-0.050
06.960,-0.050
06.962,-0.055
06.964,-0.055
06.966,-0.055
06.968,-0.055
06.970,-0.055
06.972,-0.050
06.974,-0.050
06.976,-0.045
06.978,-0.045
06.980,-0.045
06.982,-0.045
06.984,-0.045
06.986,-0.045
06.988,-0.045
06.990,-0.045
06.992,-0.045
06.994,-0.045
06.996,-0.040
06.998,-0.040
07.000,-0.035
07.002,-0.030
07.004,-0.020
07.006,-0.015
07.008,-0.010
07.010,-0.005
07.012,0.000
07.014,0.000
07.016,0.005
07.018,0.005
07.020,0.010
07.022,0.010
07.024,0.015
07.026,0.020
07.028,0.020
07.030,0.025
07.032,0.030
07.034,0.030
07.036,0.035
07.038,0.035
07.040,0.030
07.042,0.030
07.044,0.030
07.046,0.030
07.048,0.035
07.050,0.040
07.052,0.045
07.054,0.055
07.056,0.065
07.058,0.075
07.060,0.085
07.062,0.095
07.064,0.100
07.066,0.110
07.068,0.115
07.070,0.120
07.072,0.125
07.074,0.130
07.076,0.135
07.078,0.140
07.080,0.145
07.082,0.150
07.084,0.155
07.086,0.160
07.088,0.160
07.090,0.160
07.092,0.160
07.094,0.160
07.096,0.160
07.098,0.160
07.100,0.160
07.102,0.165
07.104,0.165
07.106,0.170
07.108,0.175
07.110,0.175
07.112,0.180
07.114,0.175
07.116,0.175
07.118,0.170
07.120,0.165
07.122,0.155
07.124,0.150
07.126,0.140
07.128,0.130
07.130,0.120
07.132,0.110
07.134,0.100
07.136,0.090
07.138,0.080
07.140,0.070
07.142,0.060
07.144,0.055
07.146,0.050
07.148,0.045
07.150,0.040
07.152,0.035
07.154,0.030
07.156,0.025
07.158,0.020
07.160,0.010
07.162,0.000
07.164,-0.010
07.166,-0.020
07.168,-0.025
07.170,-0.030
07.172,-0.035
07.174,-0.040
07.176,-0.040
07.178,-0.040
07.180,-0.040
07.182,-0.035
07.184,-0.035
07.186,-0.035
07.188,-0.040
07.190,-0.040
07.192,-0.040
07.194,-0.045
07.196,-0.050
07.198,-0.050
07.200,-0.050
07.202,-0.055
07.204,-0.055
07.206,-0.055
07.208,-0.055
07.210,-0.055
07.212,-0.055
07.214,-0.050
07.216,-0.050
07.218,-0.050
07.220,-0.045
07.222,-0.045
07.224,-0.045
07.226,-0.045
07.228,-0.040
07.230,-0.040
07.232,-0.040
07.234,-0.040
07.236,-0.040
07.238,-0.040
07.240,-0.040
07.242,-0.040
07.244,-0.035
07.246,-0.035
07.248,-0.035
07.250,-0.035
07.252,-0.040
07.254,-0.040
07.256,-0.040
07.258,-0.045
07.260,-0.045
07.262,-0.045
07.264,-0.045
07.266,-0.045
07.268,-0.040
07.270,-0.035
07.272,-0.035
07.274,-0.030
07.276,-0.025
07.278,-0.025
07.280,-0.020
07.282,-0.020
07.284,-0.020
07.286,-0.025
07.288,-0.025
07.290,-0.030
07.292,-0.035
07.294,-0.035
07.296,-0.040
07.298,-0.040
07.300,-0.040
07.302,-0.040
07.304,-0.035
07.306,-0.035
07.308,-0.025
07.310,-0.020
07.312,-0.015
07.314,-0.015
07.316,-0.015
07.318,-0.015
07.320,-0.015
07.322,-0.020
07.324,-0.025
07.326,-0.030
07.328,-0.030
07.330,-0.035
07.332,-0.035
07.334,-0.030
07.336,-0.030
07.338,-0.030
07.340,-0.025
07.342,-0.025
07.344,-0.025
07.346,-0.025
07.348,-0.025
07.350,-0.025
07.352,-0.025
07.354,-0.025
07.356,-0.030
07.358,-0.030
07.360,-0.030
07.362,-0.035
07.364,-0.035
07.366,-0.040
07.368,-0.040
07.370,-0.045
07.372,-0.045
07.374,-0.045
07.376,-0.045
07.378,-0.045
07.380,-0.045
07.382,-0.045
07.384,-0.050
07.386,-0.050
07.388,-0.050
07.390,-0.050
07.392,-0.050
07.394,-0.050
07.396,-0.045
07.398,-0.045
07.400,-0.040
07.402,-0.040
07.404,-0.040
07.406,-0.040
07.408,-0.040
07.410,-0.045
07.412,-0.045
07.414,-0.045
07.416,-0.045
07.418,-0.045
07.420,-0.040
07.422,-0.035
07.424,-0.030
07.426,-0.030
07.428,-0.025
07.430,-0.025
07.432,-0.025
07.434,-0.030
07.436,-0.030
07.438,-0.035
07.440,-0.040
07.442,-0.040
07.444,-0.045
07.446,-0.040
07.448,-0.040
07.450,-0.035
07.452,-0.030
07.454,-0.030
07.456,-0.030
07.458,-0.030
07.460,-0.035
07.462,-0.040
07.464,-0.045
07.466,-0.055
07.468,-0.060
07.470,-0.065
07.472,-0.070
07.474,-0.070
07.476,-0.070
07.478,-0.065
07.480,-0.060
07.482,-0.055
07.484,-0.050
07.486,-0.045
07.488,-0.045
07.490,-0.040
07.492,-0.040
07.494,-0.035
07.496,-0.035
07.498,-0.035
07.500,-0.035
07.502,-0.035
07.504,-0.035
07.506,-0.040
07.508,-0.040
07.510,-0.045
07.512,-0.045
07.514,-0.050
07.516,-0.050
07.518,-0.050
07.520,-0.050
07.522,-0.050
07.524,-0.050
07.526,-0.050
07.528,-0.050
07.530,-0.050
07.532,-0.050
07.534,-0.050
07.536,-0.050
07.538,-0.050
07.540,-0.055
07.542,-0.055
07.544,-0.050
07.546,-0.045
07.548,-0.040
07.550,-0.035
07.552,-0.025
07.554,-0.015
07.556,-0.010
07.558,-0.005
07.560,-0.005
07.562,-0.010
07.564,-0.010
07.566,-0.015
07.568,-0.020
07.570,-0.025
07.572,-0.030
07.574,-0.025
07.576,-0.020
07.578,-0.015
07.580,-0.005
07.582,0.005
07.584,0.010
07.586,0.020
07.588,0.020
07.590,0.025
07.592,0.025
07.594,0.020
07.596,0.020
07.598,0.015
07.600,0.015
07.602,0.015
07.604,0.010
07.606,0.010
07.608,0.005
07.610,0.000
07.612,-0.010
07.614,-0.020
07.616,-0.030
07.618,-0.040
07.620,-0.050
07.622,-0.055
07.624,-0.060
07.626,-0.060
07.628,-0.060
07.630,-0.060
07.632,-0.055
07.634,-0.055
07.636,-0.055
07.638,-0.055
07.640,-0.055
07.642,-0.055
07.644,-0.060
07.646,-0.060
07.648,-0.060
07.650,-0.060
07.652,-0.060
07.654,-0.060
07.656,-0.060
07.658,-0.060
07.660,-0.060
07.662,-0.065
07.664,-0.070
07.666,-0.070
07.668,-0.075
07.670,-0.075
07.672,-0.080
07.674,-0.075
07.676,-0.075
07.678,-0.070
07.680,-0.070
07.682,-0.065
07.684,-0.065
07.686,-0.065
07.688,-0.065
07.690,-0.065
07.692,-0.065
07.694,-0.065
07.696,-0.065
07.698,-0.070
07.700,-0.070
07.702,-0.080
07.704,-0.085
07.706,-0.095
07.708,-0.100
07.710,-0.105
07.712,-0.105
07.714,-0.100
07.716,-0.085
07.718,-0.055
07.720,-0.020
07.722,0.030
07.724,0.090
07.726,0.150
07.728,0.220
07.730,0.290
07.732,0.355
07.734,0.415
07.736,0.460
07.738,0.490
07.740,0.495
07.742,0.485
07.744,0.445
07.746,0.385
07.748,0.305
07.750,0.215
07.752,0.120
07.754,0.030
07.756,-0.050
07.758,-0.110
07.760,-0.150
07.762,-0.165
07.764,-0.160
07.766,-0.145
07.768,-0.120
07.770,-0.090
07.772,-0.070
07.774,-0.055
07.776,-0.045
07.778,-0.050
07.780,-0.055
07.782,-0.060
07.784,-0.065
07.786,-0.065
07.788,-0.060
07.790,-0.055
07.792,-0.045
07.794,-0.040
07.796,-0.035
07.798,-0.040
07.800,-0.045
07.802,-0.055
07.804,-0.065
07.806,-0.070
07.808,-0.080
07.810,-0.080
07.812,-0.080
07.814,-0.075
07.816,-0.065
07.818,-0.060
07.820,-0.050
07.822,-0.045
07.824,-0.045
07.826,-0.040
07.828,-0.045
07.830,-0.045
07.832,-0.045
07.834,-0.045
07.836,-0.045
07.838,-0.045
07.840,-0.040
07.842,-0.035
07.844,-0.035
07.846,-0.030
07.848,-0.030
07.850,-0.030
07.852,-0.030
07.854,-0.025
07.856,-0.015
07.858,-0.005
07.860,0.005
07.862,0.020
07.864,0.035
07.866,0.050
07.868,0.070
07.870,0.080
07.872,0.090
07.874,0.100
07.876,0.110
07.878,0.115
07.880,0.125
07.882,0.130
07.884,0.135
07.886,0.140
07.888,0.145
07.890,0.145
07.892,0.150
07.894,0.150
07.896,0.155
07.898,0.160
07.900,0.170
07.902,0.175
07.904,0.185
07.906,0.195
07.908,0.205
07.910,0.210
07.912,0.215
07.914,0.220
07.916,0.220
07.918,0.215
07.920,0.215
07.922,0.215
07.924,0.220
07.926,0.225
07.928,0.235
07.930,0.245
07.932,0.260
07.934,0.270
07.936,0.280
07.938,0.290
07.940,0.300
07.942,0.305
07.944,0.310
07.946,0.310
07.948,0.315
07.950,0.315
07.952,0.320
07.954,0.320
07.956,0.325
07.958,0.325
07.960,0.325
07.962,0.325
07.964,0.325
07.966,0.320
07.968,0.320
07.970,0.320
07.972,0.320
07.974,0.320
07.976,0.325
07.978,0.325
07.980,0.325
07.982,0.325
07.984,0.320
07.986,0.315
07.988,0.310
07.990,0.300
07.992,0.290
07.994,0.275
07.996,0.265
07.998,0.255
08.000,0.245
08.002,0.235
08.004,0.230
08.006,0.220
08.008,0.210
08.010,0.200
08.012,0.190
08.014,0.180
08.016,0.170
08.018,0.160
08.020,0.155
08.022,0.150
08.024,0.145
08.026,0.140
08.028,0.135
08.030,0.130
08.032,0.130
08.034,0.125
08.036,0.120
08.038,0.115
08.040,0.115
08.042,0.110
08.044,0.110
08.046,0.110
08.048,0.105
08.050,0.105
08.052,0.105
08.054,0.100
08.056,0.095
08.058,0.090
08.060,0.080
08.062,0.075
08.064,0.070
08.066,0.065
08.068,0.065
08.070,0.065
08.072,0.070
08.074,0.075
08.076,0.080
08.078,0.085
08.080,0.085
08.082,0.085
08.084,0.080
08.086,0.075
08.088,0.070
08.090,0.065
08.092,0.060
08.094,0.060
08.096,0.060
08.098,0.060
08.100,0.065
08.102,0.065
08.104,0.065
08.106,0.065
08.108,0.065
08.110,0.065
08.112,0.065
08.114,0.060
08.116,0.060
08.118,0.060
08.120,0.060
08.122,0.060
08.124,0.060
08.126,0.060
08.128,0.060
08.130,0.055
08.132,0.055
08.134,0.055
08.136,0.055
08.138,0.050
08.140,0.050
08.142,0.050
08.144,0.050
08.146,0.050
08.148,0.050
08.150,0.045
08.152,0.045
08.154,0.045
08.156,0.040
08.158,0.040
08.160,0.040
08.162,0.040
08.164,0.040
08.166,0.040
08.168,0.040
08.170,0.040
08.172,0.035
08.174,0.035
08.176,0.030
08.178,0.030
08.180,0.025
08.182,0.020
08.184,0.020
08.186,0.015
08.188,0.015
08.190,0.020
08.192,0.020
08.194,0.020
08.196,0.025
08.198,0.025
08.200,0.025
08.202,0.025
08.204,0.020
08.206,0.015
08.208,0.010
08.210,0.005
08.212,0.000
08.214,-0.005
08.216,-0.005
08.218,-0.010
08.220,-0.010
08.222,-0.010
08.224,-0.005
08.226,-0.005
08.228,-0.005
08.230,-0.005
08.232,-0.005
08.234,-0.005
08.236,-0.010
08.238,-0.010
08.240,-0.010
08.242,-0.015
08.244,-0.015
08.246,-0.020
08.248,-0.020
08.250,-0.020
08.252,-0.020
08.254,-0.020
08.256,-0.020
08.258,-0.015
08.260,-0.015
08.262,-0.015
08.264,-0.015
08.266,-0.015
08.268,-0.020
08.270,-0.020
08.272,-0.020
08.274,-0.025
08.276,-0.030
08.278,-0.030
08.280,-0.035
08.282,-0.040
08.284,-0.045
08.286,-0.050
08.288,-0.050
08.290,-0.050
08.292,-0.045
08.294,-0.040
08.296,-0.035
08.298,-0.030
08.300,-0.025
08.302,-0.025
08.304,-0.025
08.306,-0.030
08.308,-0.040
08.310,-0.050
08.312,-0.060
08.314,-0.065
08.316,-0.070
08.318,-0.075
08.320,-0.070
08.322,-0.065
08.324,-0.060
08.326,-0.050
08.328,-0.045
08.330,-0.045
08.332,-0.045
08.334,-0.045
08.336,-0.050
08.338,-0.055
08.340,-0.060
08.342,-0.065
08.344,-0.070
08.346,-0.075
08.348,-0.080
08.350,-0.080
08.352,-0.085
08.354,-0.085
08.356,-0.085
08.358,-0.085
08.360,-0.085
08.362,-0.085
08.364,-0.085
08.366,-0.080
08.368,-0.075
08.370,-0.070
08.372,-0.070
08.374,-0.065
08.376,-0.065
08.378,-0.070
08.380,-0.070
08.382,-0.070
08.384,-0.070
08.386,-0.070
08.388,-0.070
08.390,-0.065
08.392,-0.060
08.394,-0.055
08.396,-0.050
08.398,-0.045
08.400,-0.040
08.402,-0.040
08.404,-0.045
08.406,-0.050
08.408,-0.055
08.410,-0.060
08.412,-0.065
08.414,-0.070
08.416,-0.070
08.418,-0.065
08.420,-0.060
08.422,-0.055
08.424,-0.045
08.426,-0.030
08.428,-0.020
08.430,-0.015
08.432,-0.005
08.434,-0.005
08.436,-0.005
08.438,-0.010
08.440,-0.015
08.442,-0.020
08.444,-0.030
08.446,-0.035
08.448,-0.040
08.450,-0.045
08.452,-0.045
08.454,-0.045
08.456,-0.045
08.458,-0.050
08.460,-0.050
08.462,-0.055
08.464,-0.060
08.466,-0.065
08.468,-0.075
08.470,-0.085
08.472,-0.090
08.474,-0.100
08.476,-0.105
08.478,-0.105
08.480,-0.110
08.482,-0.110
08.484,-0.110
08.486,-0.110
08.488,-0.110
08.490,-0.110
08.492,-0.105
08.494,-0.105
08.496,-0.105
08.498,-0.100
08.500,-0.100
08.502,-0.100
08.504,-0.105
08.506,-0.105
08.508,-0.110
08.510,-0.115
08.512,-0.125
08.514,-0.130
08.516,-0.130
08.518,-0.130
08.520,-0.130
08.522,-0.130
08.524,-0.125
08.526,-0.120
08.528,-0.115
08.530,-0.110
08.532,-0.110
08.534,-0.110
08.536,-0.110
08.538,-0.115
08.540,-0.120
08.542,-0.125
08.544,-0.130
08.546,-0.130
08.548,-0.135
08.550,-0.140
08.552,-0.140
08.554,-0.145
08.556,-0.145
08.558,-0.145
08.560,-0.140
08.562,-0.130
08.564,-0.115
08.566,-0.085
08.568,-0.045
08.570,0.005
08.572,0.070
08.574,0.145
08.576,0.225
08.578,0.305
08.580,0.380
08.582,0.440
08.584,0.475
08.586,0.490
08.588,0.475
08.590,0.430
08.592,0.360
08.594,0.275
08.596,0.175
08.598,0.080
08.600,-0.015
08.602,-0.090
08.604,-0.150
08.606,-0.185
08.608,-0.205
08.610,-0.205
08.612,-0.195
08.614,-0.175
08.616,-0.155
08.618,-0.140
08.620,-0.125
08.622,-0.115
08.624,-0.110
08.626,-0.105
08.628,-0.100
08.630,-0.100
08.632,-0.100
08.634,-0.095
08.636,-0.095
08.638,-0.095
08.640,-0.095
08.642,-0.095
08.644,-0.100
08.646,-0.100
08.648,-0.105
08.650,-0.105
08.652,-0.105
08.654,-0.105
08.656,-0.100
08.658,-0.090
08.660,-0.085
08.662,-0.075
08.664,-0.070
08.666,-0.065
08.668,-0.060
08.670,-0.060
08.672,-0.065
08.674,-0.065
08.676,-0.070
08.678,-0.075
08.680,-0.080
08.682,-0.080
08.684,-0.075
08.686,-0.070
08.688,-0.065
08.690,-0.060
08.692,-0.050
08.694,-0.045
08.696,-0.040
08.698,-0.040
08.700,-0.040
08.702,-0.045
08.704,-0.050
08.706,-0.055
08.708,-0.060
08.710,-0.065
08.712,-0.065
08.714,-0.065
08.716,-0.065
08.718,-0.060
08.720,-0.055
08.722,-0.050
08.724,-0.050
08.726,-0.045
08.728,-0.045
08.730,-0.045
08.732,-0.045
08.734,-0.040
08.736,-0.035
08.738,-0.035
08.740,-0.025
08.742,-0.020
08.744,-0.015
08.746,-0.010
08.748,-0.005
08.750,-0.005
08.752,0.000
08.754,0.000
08.756,0.005
08.758,0.010
08.760,0.015
08.762,0.020
08.764,0.025
08.766,0.030
08.768,0.035
08.770,0.040
08.772,0.040
08.774,0.045
08.776,0.045
08.778,0.055
08.780,0.060
08.782,0.070
08.784,0.085
08.786,0.100
08.788,0.110
08.790,0.120
08.792,0.130
08.794,0.135
08.796,0.135
08.798,0.135
08.800,0.130
08.802,0.130
08.804,0.130
08.806,0.130
08.808,0.135
08.810,0.140
08.812,0.145
08.814,0.150
08.816,0.150
08.818,0.145
08.820,0.140
08.822,0.135
08.824,0.130
08.826,0.125
08.828,0.125
08.830,0.120
08.832,0.120
08.834,0.120
08.836,0.120
08.838,0.115
08.840,0.105
08.842,0.095
08.844,0.080
08.846,0.065
08.848,0.050
08.850,0.035
08.852,0.025
08.854,0.015
08.856,0.005
08.858,0.000
08.860,-0.005
08.862,-0.010
08.864,-0.015
08.866,-0.020
08.868,-0.030
08.870,-0.035
08.872,-0.040
08.874,-0.045
08.876,-0.055
08.878,-0.060
08.880,-0.065
08.882,-0.075
08.884,-0.080
08.886,-0.085
08.888,-0.090
08.890,-0.090
08.892,-0.090
08.894,-0.090
08.896,-0.090
08.898,-0.085
08.900,-0.085
08.902,-0.085
08.904,-0.090
08.906,-0.090
08.908,-0.095
08.910,-0.100
08.912,-0.105
08.914,-0.105
08.916,-0.110
08.918,-0.105
08.920,-0.105
08.922,-0.100
08.924,-0.090
08.926,-0.085
08.928,-0.080
08.930,-0.080
08.932,-0.080
08.934,-0.085
08.936,-0.085
08.938,-0.090
08.940,-0.095
08.942,-0.100
08.944,-0.100
08.946,-0.095
08.948,-0.090
08.950,-0.085
08.952,-0.080
08.954,-0.070
08.956,-0.065
08.958,-0.065
08.960,-0.065
08.962,-0.070
08.964,-0.080
08.966,-0.085
08.968,-0.095
08.970,-0.100
08.972,-0.105
08.974,-0.105
08.976,-0.105
08.978,-0.100
08.980,-0.090
08.982,-0.085
08.984,-0.075
08.986,-0.070
08.988,-0.065
08.990,-0.065
08.992,-0.065
08.994,-0.070
08.996,-0.070
08.998,-0.070
09.000,-0.075
09.002,-0.075
09.004,-0.075
09.006,-0.080
09.008,-0.080
09.010,-0.080
09.012,-0.080
09.014,-0.080
09.016,-0.080
09.018,-0.080
09.020,-0.080
09.022,-0.075
09.024,-0.070
09.026,-0.065
09.028,-0.065
09.030,-0.060
09.032,-0.055
09.034,-0.055
09.036,-0.055
09.038,-0.055
09.040,-0.055
09.042,-0.055
09.044,-0.055
09.046,-0.055
09.048,-0.055
09.050,-0.050
09.052,-0.050
09.054,-0.050
09.056,-0.055
09.058,-0.055
09.060,-0.055
09.062,-0.060
09.064,-0.060
09.066,-0.065
09.068,-0.065
09.070,-0.070
09.072,-0.075
09.074,-0.075
09.076,-0.080
09.078,-0.085
09.080,-0.085
09.082,-0.090
09.084,-0.090
09.086,-0.090
09.088,-0.090
09.090,-0.085
09.092,-0.085
09.094,-0.080
09.096,-0.080
09.098,-0.080
09.100,-0.080
09.102,-0.075
09.104,-0.075
09.106,-0.075
09.108,-0.070
09.110,-0.070
09.112,-0.065
09.114,-0.065
09.116,-0.065
09.118,-0.065
09.120,-0.070
09.122,-0.070
09.124,-0.075
09.126,-0.080
09.128,-0.080
09.130,-0.080
09.132,-0.080
09.134,-0.080
09.136,-0.080
09.138,-0.080
09.140,-0.075
09.142,-0.075
09.144,-0.070
09.146,-0.070
09.148,-0.070
09.150,-0.070
09.152,-0.070
09.154,-0.070
09.156,-0.070
09.158,-0.075
09.160,-0.075
09.162,-0.075
09.164,-0.075
09.166,-0.075
09.168,-0.070
09.170,-0.070
09.172,-0.070
09.174,-0.070
09.176,-0.070
09.178,-0.070
09.180,-0.070
09.182,-0.075
09.184,-0.075
09.186,-0.075
09.188,-0.080
09.190,-0.075
09.192,-0.075
09.194,-0.075
09.196,-0.075
09.198,-0.075
09.200,-0.075
09.202,-0.075
09.204,-0.075
09.206,-0.080
09.208,-0.080
09.210,-0.080
09.212,-0.080
09.214,-0.080
09.216,-0.075
09.218,-0.075
09.220,-0.070
09.222,-0.065
09.224,-0.065
09.226,-0.060
09.228,-0.055
09.230,-0.050
09.232,-0.050
09.234,-0.045
09.236,-0.045
09.238,-0.045
09.240,-0.045
09.242,-0.040
09.244,-0.040
09.246,-0.040
09.248,-0.040
09.250,-0.035
09.252,-0.030
09.254,-0.025
09.256,-0.020
09.258,-0.010
09.260,-0.005
09.262,0.005
09.264,0.010
09.266,0.015
09.268,0.015
09.270,0.020
09.272,0.015
09.274,0.010
09.276,0.005
09.278,-0.005
09.280,-0.015
09.282,-0.025
09.284,-0.035
09.286,-0.040
09.288,-0.045
09.290,-0.045
09.292,-0.045
09.294,-0.045
09.296,-0.045
09.298,-0.045
09.300,-0.050
09.302,-0.055
09.304,-0.060
09.306,-0.065
09.308,-0.075
09.310,-0.080
09.312,-0.080
09.314,-0.080
09.316,-0.080
09.318,-0.075
09.320,-0.075
09.322,-0.070
09.324,-0.070
09.326,-0.075
09.328,-0.075
09.330,-0.080
09.332,-0.080
09.334,-0.085
09.336,-0.085
09.338,-0.080
09.340,-0.080
09.342,-0.075
09.344,-0.075
09.346,-0.075
09.348,-0.075
09.350,-0.075
09.352,-0.075
09.354,-0.080
09.356,-0.080
09.358,-0.080
09.360,-0.080
09.362,-0.080
09.364,-0.080
09.366,-0.080
09.368,-0.085
09.370,-0.090
09.372,-0.095
09.374,-0.100
09.376,-0.105
09.378,-0.105
09.380,-0.105
09.382,-0.105
09.384,-0.105
09.386,-0.105
09.388,-0.100
09.390,-0.095
09.392,-0.085
09.394,-0.060
09.396,-0.025
09.398,0.025
09.400,0.090
09.402,0.175
09.404,0.265
09.406,0.360
09.408,0.455
09.410,0.530
09.412,0.590
09.414,0.615
09.416,0.610
09.418,0.575
09.420,0.510
09.422,0.415
09.424,0.310
09.426,0.195
09.428,0.085
09.430,-0.010
09.432,-0.090
09.434,-0.145
09.436,-0.175
09.438,-0.185
09.440,-0.175
09.442,-0.155
09.444,-0.130
09.446,-0.105
09.448,-0.080
09.450,-0.060
09.452,-0.050
09.454,-0.045
09.456,-0.050
09.458,-0.050
09.460,-0.055
09.462,-0.060
09.464,-0.060
09.466,-0.060
09.468,-0.060
09.470,-0.055
09.472,-0.050
09.474,-0.050
09.476,-0.050
09.478,-0.050
09.480,-0.055
09.482,-0.060
09.484,-0.060
09.486,-0.060
09.488,-0.060
09.490,-0.060
09.492,-0.055
09.494,-0.050
09.496,-0.045
09.498,-0.040
09.500,-0.040
09.502,-0.040
09.504,-0.040
09.506,-0.040
09.508,-0.040
09.510,-0.035
09.512,-0.035
09.514,-0.030
09.516,-0.025
09.518,-0.020
09.520,-0.015
09.522,-0.010
09.524,-0.010
09.526,-0.005
09.528,-0.005
09.530,-0.005
09.532,-0.010
09.534,-0.010
09.536,-0.010
09.538,-0.010
09.540,-0.010
09.542,-0.005
09.544,-0.005
09.546,-0.005
09.548,0.000
09.550,0.000
09.552,0.000
09.554,0.000
09.556,0.005
09.558,0.005
09.560,0.005
09.562,0.005
09.564,0.005
09.566,0.010
09.568,0.015
09.570,0.020
09.572,0.030
09.574,0.035
09.576,0.045
09.578,0.050
09.580,0.055
09.582,0.060
09.584,0.065
09.586,0.065
09.588,0.070
09.590,0.075
09.592,0.075
09.594,0.080
09.596,0.085
09.598,0.090
09.600,0.095
09.602,0.100
09.604,0.105
09.606,0.110
09.608,0.115
09.610,0.120
09.612,0.125
09.614,0.135
09.616,0.140
09.618,0.150
09.620,0.155
09.622,0.160
09.624,0.170
09.626,0.175
09.628,0.180
09.630,0.185
09.632,0.190
09.634,0.195
09.636,0.200
09.638,0.205
09.640,0.205
09.642,0.210
09.644,0.210
09.646,0.210
09.648,0.205
09.650,0.200
09.652,0.195
09.654,0.185
09.656,0.180
09.658,0.180
09.660,0.175
09.662,0.175
09.664,0.175
09.666,0.175
09.668,0.170
09.670,0.160
09.672,0.155
09.674,0.140
09.676,0.125
09.678,0.110
09.680,0.095
09.682,0.080
09.684,0.065
09.686,0.055
09.688,0.045
09.690,0.040
09.692,0.035
09.694,0.030
09.696,0.025
09.698,0.020
09.700,0.020
09.702,0.015
09.704,0.010
09.706,0.005
09.708,0.005
09.710,0.000
09.712,-0.005
09.714,-0.015
09.716,-0.020
09.718,-0.030
09.720,-0.040
09.722,-0.045
09.724,-0.055
09.726,-0.060
09.728,-0.060
09.730,-0.060
09.732,-0.060
09.734,-0.050
09.736,-0.045
09.738,-0.040
09.740,-0.035
09.742,-0.035
09.744,-0.035
09.746,-0.040
09.748,-0.045
09.750,-0.050
09.752,-0.055
09.754,-0.060
09.756,-0.060
09.758,-0.055
09.760,-0.055
09.762,-0.050
09.764,-0.045
09.766,-0.040
09.768,-0.040
09.770,-0.040
09.772,-0.045
09.774,-0.045
09.776,-0.050
09.778,-0.050
09.780,-0.055
09.782,-0.055
09.784,-0.055
09.786,-0.055
09.788,-0.050
09.790,-0.050
09.792,-0.050
09.794,-0.050
09.796,-0.050
09.798,-0.045
09.800,-0.045
09.802,-0.040
09.804,-0.035
09.806,-0.030
09.808,-0.025
09.810,-0.025
09.812,-0.025
09.814,-0.025
09.816,-0.025
09.818,-0.030
09.820,-0.035
09.822,-0.035
09.824,-0.035
09.826,-0.035
09.828,-0.035
09.830,-0.030
09.832,-0.030
09.834,-0.030
09.836,-0.030
09.838,-0.030
09.840,-0.030
09.842,-0.030
09.844,-0.030
09.846,-0.035
09.848,-0.030
09.850,-0.030
09.852,-0.030
09.854,-0.030
09.856,-0.030
09.858,-0.030
09.860,-0.030
09.862,-0.030
09.864,-0.030
09.866,-0.025
09.868,-0.025
09.870,-0.020
09.872,-0.020
09.874,-0.020
09.876,-0.025
09.878,-0.025
09.880,-0.030
09.882,-0.030
09.884,-0.030
09.886,-0.030
09.888,-0.025
09.890,-0.015
09.892,-0.005
09.894,0.005
09.896,0.020
09.898,0.030
09.900,0.045
09.902,0.055
09.904,0.065
09.906,0.070
09.908,0.080
09.910,0.085
09.912,0.085
09.914,0.090
09.916,0.090
09.918,0.090
09.920,0.085
09.922,0.085
09.924,0.080
09.926,0.080
09.928,0.075
09.930,0.075
09.932,0.080
09.934,0.080
09.936,0.080
09.938,0.080
09.940,0.085
09.942,0.080
09.944,0.080
09.946,0.080
09.948,0.075
09.950,0.075
09.952,0.075
09.954,0.075
09.956,0.080
09.958,0.080
09.960,0.085
09.962,0.090
09.964,0.095
09.966,0.100
09.968,0.105
09.970,0.105
09.972,0.110
09.974,0.105
09.976,0.105
09.978,0.100
09.980,0.100
09.982,0.095
09.984,0.095
09.986,0.095
09.988,0.095
09.990,0.095
09.992,0.095
09.994,0.095
09.996,0.095
09.998,0.095
